record_type,raw_name,canonical_name,score
STARTUP,CircuitHub,,22.5
STARTUP,iCracked,,25.0
STARTUP,42Floors,,14.28571428571429
STARTUP,PlanGrid,,47.05882352941176
STARTUP,WireOver,,28.57142857142857
STARTUP,The Muse,,25.0
STARTUP,SendHub,,40.0
STARTUP,Hipmob,,30.000000000000004
STARTUP,MyVR,,22.5
STARTUP,HireArt,,30.76923076923077
STARTUP,Amiato,,45.0
STARTUP,Medigram,,28.57142857142857
STARTUP,Couple,,50.0
STARTUP,HackPad,,30.76923076923077
STARTUP,Rescale,,30.76923076923077
STARTUP,SlidePay,,37.5
STARTUP,Tap to Learn,,45.0
STARTUP,Optilly/Installmonetizer,,54.0
STARTUP,BookSolid,,36.0
STARTUP,Gusto,,36.0
STARTUP,FamilyLeaf,,40.0
STARTUP,Marft,,45.0
STARTUP,Minefold,,50.0
STARTUP,Zipio,,45.0
STARTUP,Chute,,30.000000000000004
STARTUP,Matterport,,42.10526315789473
STARTUP,Shoptiques,,45.0
STARTUP,CleverDeck,,33.333333333333336
STARTUP,Make School,,30.000000000000004
STARTUP,Pixelapse,,45.0
STARTUP,Screenleap,,45.0
STARTUP,Talkray (TiKL),,30.000000000000004
STARTUP,Zillabyte,,25.71428571428571
STARTUP,Exec,,51.42857142857142
STARTUP,Grouper,,46.15384615384615
STARTUP,Amplitude,,35.29411764705882
STARTUP,LendUp,,42.85714285714286
STARTUP,Tilt,,36.0
STARTUP,Brace,,36.0
STARTUP,Swiftype,,28.57142857142857
STARTUP,LVL6,,0.0
STARTUP,BarSense,,28.57142857142857
STARTUP,FarmLogs,,35.29411764705882
STARTUP,99dresses,,35.29411764705882
STARTUP,Authy,,60.00000000000001
STARTUP,Flutter,,25.0
STARTUP,Fond,,60.00000000000001
STARTUP,Per Vices,,45.0
STARTUP,Loom,,36.0
STARTUP,Documents.Me,,45.0
STARTUP,Ark,,45.0
STARTUP,SolidStage,,36.0
STARTUP,YourMechanic,,45.0
STARTUP,Priceonomics,,45.0
STARTUP,Sendwave,,42.85714285714286
STARTUP,Glider,,28.57142857142857
STARTUP,Medmonk,,40.0
STARTUP,Carsabi,,37.5
STARTUP,Y Combinator,,45.0
STARTUP,Socialcam,,36.0
STARTUP,GiveSpark,,36.0
STARTUP,Shopular,,42.85714285714286
STARTUP,Freshplum,,35.29411764705882
STARTUP,Clutch,,36.0
STARTUP,Apollo,,30.000000000000004
STARTUP,HackerRank,,30.000000000000004
STARTUP,Genius,,50.0
STARTUP,OneSignal,,53.333333333333336
STARTUP,Zigfu,,25.71428571428571
STARTUP,PayDragon,,45.0
STARTUP,Aisle50,,30.76923076923077
STARTUP,Debteye,,40.0
STARTUP,Proxino,,40.0
STARTUP,Streak,,33.333333333333336
STARTUP,Science Exchange,,34.2
STARTUP,PhoneSys,,28.57142857142857
STARTUP,Quartzy,,25.0
STARTUP,Codecademy,,45.0
STARTUP,Cryptoseal,,49.090909090909086
STARTUP,Segment,,40.0
STARTUP,Citus Data,,25.71428571428571
STARTUP,AgileMD,,40.0
STARTUP,Clerky,,25.71428571428571
STARTUP,Quad,,36.0
STARTUP,Dubjoy,,17.999999999999996
STARTUP,Zenbox,,33.333333333333336
STARTUP,Realm,,36.36363636363637
STARTUP,Firebase,,28.57142857142857
STARTUP,GoCardless,,36.0
STARTUP,Pagelever,,45.0
STARTUP,MarketBrief,,40.0
STARTUP,Fobo,,36.0
STARTUP,Sift,,36.0
STARTUP,Verbling,,37.5
STARTUP,LeadGenius,,49.090909090909086
STARTUP,Caviar,,33.333333333333336
STARTUP,Interstate,,31.57894736842105
STARTUP,Everyme,,40.0
STARTUP,Opez,,77.14285714285715
STARTUP,MixRank,,40.0
STARTUP,Kicksend,,37.5
STARTUP,Videopixie,,45.0
STARTUP,Vapor,,36.0
STARTUP,Launchpad Toys,,45.0
STARTUP,Imgix,,40.0
STARTUP,Compose,,46.15384615384615
STARTUP,GlassMap,,23.529411764705888
STARTUP,Vidyard,,26.66666666666667
STARTUP,Leaky,,36.36363636363637
STARTUP,Ridejoy,,26.66666666666667
STARTUP,TapEngage,,60.00000000000001
STARTUP,Snapjoy,,30.76923076923077
STARTUP,Perfect Audience,,45.0
STARTUP,Rentobo,,37.5
STARTUP,Draft,,45.0
STARTUP,Parse,,36.36363636363637
STARTUP,Zeus,,30.000000000000004
STARTUP,Userfox,,25.0
STARTUP,Automatic,,55.55555555555556
STARTUP,Hungry Labs,,23.529411764705888
STARTUP,Inporia,,37.5
STARTUP,Upverter,,28.57142857142857
STARTUP,SingleStore,,40.0
STARTUP,Beetailer,,45.0
STARTUP,TellFi,,33.333333333333336
STARTUP,Assembled,,35.29411764705882
STARTUP,Talkable,,14.28571428571429
STARTUP,FitFu,,25.71428571428571
STARTUP,AppHarbor,,44.44444444444444
STARTUP,Tumult,,20.0
STARTUP,Earbits,,46.15384615384615
STARTUP,Acunote,,37.5
STARTUP,Sendoid,,46.15384615384615
STARTUP,HelloSign,,35.29411764705882
STARTUP,Instapainting,,45.0
STARTUP,You Got Listings,,30.000000000000004
STARTUP,Hotspots,,35.29411764705882
STARTUP,Tremendous,,44.44444444444444
STARTUP,Custora,,30.76923076923077
STARTUP,Comprehend,,50.0
STARTUP,Humble Bundle,,33.75
STARTUP,Pebble,,33.333333333333336
STARTUP,Hyperink,,42.85714285714286
STARTUP,Insight Data Science,,36.0
STARTUP,Convore,,30.76923076923077
STARTUP,Fivestars,,30.000000000000004
STARTUP,Apportable,,30.000000000000004
STARTUP,Close,,36.36363636363637
STARTUP,Balanced,,35.29411764705882
STARTUP,Mailgun,,40.0
STARTUP,Tutorspree,,45.0
STARTUP,Mino Games,,42.22222222222222
STARTUP,Lanyrd,,49.090909090909086
STARTUP,TrustEgg,,23.529411764705888
STARTUP,Siasto,,45.0
STARTUP,GOAT Group,,52.63157894736843
STARTUP,OrderAhead,,45.0
STARTUP,DrChrono,,35.29411764705882
STARTUP,Zerocater,,33.333333333333336
STARTUP,Storyworth,,31.57894736842105
STARTUP,TalkBin,,30.76923076923077
STARTUP,Venuetastic,,47.05882352941176
STARTUP,SimplyListed,,36.0
STARTUP,Chartio,,37.5
STARTUP,Presto,,33.333333333333336
STARTUP,Hipmunk,,40.0
STARTUP,Teevox,,30.000000000000004
STARTUP,Rapportive,,31.57894736842105
STARTUP,Recurse Center,,41.53846153846154
STARTUP,Simperium,,45.0
STARTUP,AeroFS,,45.0
STARTUP,Chirply,,37.5
STARTUP,Habit Labs,,36.0
STARTUP,PadMapper,,45.0
STARTUP,DemandSphere,,64.28571428571429
STARTUP,AnyList,,37.5
STARTUP,Brushes,,15.384615384615385
STARTUP,Gantto,,60.00000000000001
STARTUP,Homejoy,,30.76923076923077
STARTUP,1000Memories,,36.0
STARTUP,GazeHawk,,28.57142857142857
STARTUP,Leftronic,,55.55555555555556
STARTUP,Upbeat,,50.0
STARTUP,Opzi,,67.5
STARTUP,FutureAdvisor,,45.0
STARTUP,Docker,,36.0
STARTUP,Post.fm,,26.66666666666667
STARTUP,inDinero,,37.5
STARTUP,WorkFlowy,,22.5
STARTUP,PagerDuty,,45.0
STARTUP,Ready For Zero,,42.75
STARTUP,MessageParty,,33.75
STARTUP,Fanvibe,,37.5
STARTUP,Fridge,,32.727272727272734
STARTUP,Tapzilla,,35.29411764705882
STARTUP,Whereoscope,,60.00000000000001
STARTUP,AdGrok,,45.0
STARTUP,Pribbit,,30.76923076923077
STARTUP,Koduco,,36.0
STARTUP,Mertado,,30.76923076923077
STARTUP,500Friends,,36.0
STARTUP,All Screen,,45.0
STARTUP,Crocodoc,,35.29411764705882
STARTUP,Bitplay,,30.76923076923077
STARTUP,Fabricly,,47.05882352941176
STARTUP,Embedly,,40.0
STARTUP,Creative Market,,45.0
STARTUP,Nowmov,,30.000000000000004
STARTUP,Optimizely,,54.0
STARTUP,LaunchHear,,42.10526315789473
STARTUP,Zencoder,,37.5
STARTUP,Cue,,45.0
STARTUP,Answerly,,35.29411764705882
STARTUP,OwnLocal,,42.85714285714286
STARTUP,Zenedy,,42.85714285714286
STARTUP,Gamador,,26.66666666666667
STARTUP,Fithub,,36.0
STARTUP,Cardpool,,35.29411764705882
STARTUP,Movity,,36.0
STARTUP,Etacts,,40.0
STARTUP,Data Marketplace,,40.0
STARTUP,Newslabs,,28.57142857142857
STARTUP,Newcope,,46.15384615384615
STARTUP,Infoharmoni,,60.00000000000001
STARTUP,Notifo,,45.0
STARTUP,Listia,,30.000000000000004
STARTUP,Stripe,,45.0
STARTUP,HighlightCam,,28.57142857142857
STARTUP,DailyBooth,,40.0
STARTUP,Bump,,30.000000000000004
STARTUP,WePay,,40.0
STARTUP,Directed Edge,,45.0
STARTUP,RethinkDB,,47.05882352941176
STARTUP,Jobspice,,47.05882352941176
STARTUP,Mixpanel,,37.5
STARTUP,Olark,,36.36363636363637
STARTUP,Lockitron,,45.0
STARTUP,CarWoo,,45.0
STARTUP,Tuxebo,,30.000000000000004
STARTUP,Fanchatter,,42.10526315789473
STARTUP,Plurchase,,26.66666666666667
STARTUP,GraffitiGeo,,30.000000000000004
STARTUP,Flightcaster,,28.57142857142857
STARTUP,NudgePad,,50.0
STARTUP,RentHop,,62.5
STARTUP,Lingt,,45.0
STARTUP,RoboHR,,32.727272727272734
STARTUP,AdThrow,,62.5
STARTUP,Stackq,,26.66666666666667
STARTUP,Wakemate,,28.57142857142857
STARTUP,Instantq,,35.29411764705882
STARTUP,Recurious,,30.000000000000004
STARTUP,Skysheet,,25.0
STARTUP,Heyzap,,33.333333333333336
STARTUP,Wattvision,,45.0
STARTUP,Foodoro,,25.0
STARTUP,Volantio,,47.05882352941176
STARTUP,Airbnb,,45.0
STARTUP,Divvyshot,,23.529411764705888
STARTUP,reMail,,50.0
STARTUP,Echodio,,37.5
STARTUP,Cloudkick,,33.333333333333336
STARTUP,Spaces Life,,40.0
STARTUP,Picurio,,37.5
STARTUP,Nambii,,50.0
STARTUP,Voxli,,40.0
STARTUP,Posterous,,33.333333333333336
STARTUP,Poll Everywhere,,32.727272727272734
STARTUP,OhLife,,36.0
STARTUP,Cloudant,,35.29411764705882
STARTUP,Job Alchemist,,41.53846153846154
STARTUP,Frogmetrics,,40.0
STARTUP,Anyvite,,37.5
STARTUP,CO2Stats,,28.57142857142857
STARTUP,JustSpotted,,32.727272727272734
STARTUP,Picwing,,40.0
STARTUP,BackType,,35.29411764705882
STARTUP,Precognate,,50.0
STARTUP,Youlicit,,35.29411764705882
STARTUP,Team Apart,,40.0
STARTUP,Claimspotting,,36.0
STARTUP,Ticket Stumbler,,45.0
STARTUP,Snipd,,51.42857142857142
STARTUP,Popcuts,,37.5
STARTUP,People & Pages,,51.300000000000004
STARTUP,PlayReader,,40.0
STARTUP,Treehouse,,36.0
STARTUP,Slinkset,,25.0
STARTUP,Trigger,,37.5
STARTUP,RescueTime,,33.333333333333336
STARTUP,A Thinking Ape,,51.42857142857142
STARTUP,Ninite,,40.0
STARTUP,Machine Zone,,40.0
STARTUP,MightyQuiz,,22.5
STARTUP,FathomDB,,47.05882352941176
STARTUP,Omnisio,,46.15384615384615
STARTUP,Heroku,,45.0
STARTUP,280 North,,33.333333333333336
STARTUP,Wundrbar,,28.57142857142857
STARTUP,Socialbrowse,,36.0
STARTUP,Mixwit,,28.57142857142857
STARTUP,Tipjoy,,30.000000000000004
STARTUP,Kirkland North,,40.0
STARTUP,Deluux,,28.57142857142857
STARTUP,YumDots,,26.66666666666667
STARTUP,Snaptalent,,45.0
STARTUP,Insoshi,,37.5
STARTUP,Joberator,,45.0
STARTUP,BitSample,,40.0
STARTUP,Songkick,,42.85714285714286
STARTUP,Dropbox,,37.5
STARTUP,Blue Frog Gaming,,45.0
STARTUP,Disqus,,28.57142857142857
STARTUP,Bountii,,46.15384615384615
STARTUP,Hello Chair,,45.0
STARTUP,iJigg/Top440,,32.727272727272734
STARTUP,Splashup,,35.29411764705882
STARTUP,ContestMachine,,40.0
STARTUP,ZumoDrive,,30.000000000000004
STARTUP,SocialPicks,,40.0
STARTUP,Clickpass,,36.0
STARTUP,Appjet,,40.0
STARTUP,Anywhere.FM,,40.0
STARTUP,Reble,,45.0
STARTUP,Meetyu,,28.57142857142857
STARTUP,Fuzzwich,,23.529411764705888
STARTUP,Eivod,,46.15384615384615
STARTUP,Biographicon,,45.0
STARTUP,Virtualmin,,33.333333333333336
STARTUP,Weebly,,28.57142857142857
STARTUP,Tsumobi,,37.5
STARTUP,Octopart,,42.85714285714286
STARTUP,Buxfer,,16.666666666666664
STARTUP,Zenter,,49.090909090909086
STARTUP,Auctomatic,,52.63157894736843
STARTUP,WriteWith,,32.727272727272734
STARTUP,Whitenoise,,45.0
STARTUP,View3,,25.71428571428571
STARTUP,Socialmoth,,36.0
STARTUP,Heysan,,45.0
STARTUP,Xobni,,54.54545454545454
STARTUP,Scribd,,32.727272727272734
STARTUP,OMGPop,,36.0
STARTUP,Jamglue,,15.384615384615385
STARTUP,Thinkature,,31.57894736842105
STARTUP,Talkito,,37.5
STARTUP,Shoutfit,,35.29411764705882
STARTUP,Pollground,,36.0
STARTUP,Zanbazaar,,33.333333333333336
STARTUP,Likebetter,,22.5
STARTUP,Jumpchat,,28.57142857142857
STARTUP,Inkling,,30.76923076923077
STARTUP,Clustrix,,35.29411764705882
STARTUP,Snipshot,,35.29411764705882
STARTUP,Project Wedding,,45.0
STARTUP,Wufoo,,20.0
STARTUP,Flagr,,36.0
STARTUP,Audiobeta,,49.090909090909086
STARTUP,Loopt,,40.0
STARTUP,TextPayMe,,35.29411764705882
STARTUP,Clickfacts,,21.052631578947366
STARTUP,Simmery,,15.384615384615385
STARTUP,Memamp,,33.333333333333336
STARTUP,Kiko,,36.0
STARTUP,Reddit,,33.333333333333336
STARTUP,Infogami,,42.85714285714286
STARTUP,Mixed Media Labs,,41.53846153846154
STARTUP,Twitch,,45.0
STARTUP,Parakey,,30.76923076923077
STARTUP,TomoGuides,,33.333333333333336
STARTUP,Pixate,,40.0
STARTUP,Knowmia,,37.5
STARTUP,Boosted,,30.76923076923077
STARTUP,ZeroMailer,,45.0
STARTUP,Canopy Labs,,45.0
STARTUP,LeanMarket,,45.0
STARTUP,Kamcord,,26.66666666666667
STARTUP,Statwing,,35.29411764705882
STARTUP,Rainforest,,40.0
STARTUP,Imgfave,,15.384615384615385
STARTUP,Fullstack Academy,,45.0
STARTUP,OmniVirt,,42.85714285714286
STARTUP,Arc,,50.0
STARTUP,Streem,,42.85714285714286
STARTUP,Mth Sense,,36.0
STARTUP,Human Dx,,37.5
STARTUP,Testmunk,,37.5
STARTUP,HealthSherpa,,47.61904761904761
STARTUP,Framebase,,32.727272727272734
STARTUP,Mattermost,,42.10526315789473
STARTUP,Airshared,,45.0
STARTUP,Zentail,,61.53846153846154
STARTUP,Soylent,,46.15384615384615
STARTUP,DataNitro,,55.55555555555556
STARTUP,Clever,,28.57142857142857
STARTUP,Vayable,,15.384615384615385
STARTUP,SmartAsset,,22.5
STARTUP,FundersClub,,30.000000000000004
STARTUP,Eligible,,28.57142857142857
STARTUP,Crohnology (by Healthy Labs),,32.727272727272734
STARTUP,BrainTripping,,54.54545454545454
STARTUP,Markupwand,,33.333333333333336
STARTUP,Hiptype,,30.76923076923077
STARTUP,Kippt,,25.71428571428571
STARTUP,Easel,,45.0
STARTUP,Hipset,,33.333333333333336
STARTUP,FileStack,,30.000000000000004
STARTUP,Collections,,40.0
STARTUP,Dreamforge,,36.0
STARTUP,Upwave,,33.333333333333336
STARTUP,Lever,,45.0
STARTUP,ReelSurfer,,22.5
STARTUP,Keychain Logistics,,45.0
STARTUP,OctaveWealth,,36.0
STARTUP,BufferBox,,22.5
STARTUP,Natero,,60.00000000000001
STARTUP,Profig,,49.090909090909086
STARTUP,Partnered,,45.0
STARTUP,NewsBlur,,23.529411764705888
STARTUP,Coinbase,,42.85714285714286
STARTUP,Submittable,,25.71428571428571
STARTUP,Mattermark,,31.57894736842105
STARTUP,Zapier,,40.0
STARTUP,VoiceGem,,37.5
STARTUP,BackerKit,,33.333333333333336
STARTUP,Benchling,,45.0
STARTUP,Flightfox,,22.5
STARTUP,Coco Controller,,42.35294117647059
STARTUP,Tastemaker,,31.57894736842105
STARTUP,GoScale,,30.76923076923077
STARTUP,RegistryLove,,40.0
STARTUP,Credictive,,32.727272727272734
STARTUP,MicroEval,,49.090909090909086
STARTUP,Everyday.me,,31.57894736842105
STARTUP,Celery,,28.57142857142857
STARTUP,Virool,,32.727272727272734
STARTUP,Parallel Universe,,45.0
STARTUP,Viacycle,,23.529411764705888
STARTUP,Assorted Bits,,31.57894736842105
STARTUP,Scoutzie,,28.57142857142857
STARTUP,Vastrm,,49.090909090909086
STARTUP,Double Robotics,,42.35294117647059
STARTUP,Study Edge,,33.333333333333336
STARTUP,GetGoing,,37.5
STARTUP,Plivo,,45.0
STARTUP,Thread,,49.090909090909086
STARTUP,Light Table/Eve,,36.642857142857146
STARTUP,Svbtle,,20.0
STARTUP,Instacart,,33.333333333333336
STARTUP,9gag,,36.0
STARTUP,StyleUp,,26.66666666666667
STARTUP,CircuitLab,,22.5
STARTUP,Screenhero,,42.10526315789473
STARTUP,Scuba,,30.000000000000004
STARTUP,Appcubator,,31.57894736842105
STARTUP,North,,60.00000000000001
STARTUP,Swish,,25.71428571428571
STARTUP,PayTango,,35.29411764705882
STARTUP,VaycayHero,,42.10526315789473
STARTUP,BuildZoom,,23.529411764705888
STARTUP,Trainzen,,35.29411764705882
STARTUP,Padlet,,40.0
STARTUP,Fivetran,,28.57142857142857
STARTUP,GrepData,,37.5
STARTUP,Lawdingo,,37.5
STARTUP,Bitnami,,46.15384615384615
STARTUP,Cheetah,,30.76923076923077
STARTUP,Medisas,,30.76923076923077
STARTUP,Etleap,,42.85714285714286
STARTUP,RoverRide,,45.0
STARTUP,InfluxData,,33.333333333333336
STARTUP,Strikingly,,31.57894736842105
STARTUP,Lollipuff,,32.727272727272734
STARTUP,RADAR,,36.0
STARTUP,Meldium,,30.76923076923077
STARTUP,BeatDeck,,35.29411764705882
STARTUP,Swapbox,,25.0
STARTUP,Experiment,,45.0
STARTUP,Heap,,45.0
STARTUP,MedXT,,40.0
STARTUP,SimplyInsured,,38.095238095238095
STARTUP,FlightCar,,22.5
STARTUP,CrowdMed,,37.5
STARTUP,Wefunder,,37.5
STARTUP,Coin,,51.42857142857142
STARTUP,Wevorce,,30.76923076923077
STARTUP,Kalibrr,,30.76923076923077
STARTUP,Zenefits,,42.85714285714286
STARTUP,Goldbelly,,30.000000000000004
STARTUP,Logiblock,,36.0
STARTUP,Semantics3,,52.63157894736843
STARTUP,Teespring,,58.82352941176471
STARTUP,Airware,,30.76923076923077
STARTUP,Posmetrics,,42.10526315789473
STARTUP,Prophecy Sciences,,45.0
STARTUP,Watsi,,45.0
STARTUP,7cups,,30.000000000000004
STARTUP,URX,,30.000000000000004
STARTUP,Teleborder,,33.333333333333336
STARTUP,FanHero,,62.5
STARTUP,Apptimize,,35.29411764705882
STARTUP,Asseta,,40.0
STARTUP,Standard Treasury,,40.0
STARTUP,BloomThat,,30.000000000000004
STARTUP,StackMachine,,36.0
STARTUP,Hackermeter,,30.000000000000004
STARTUP,Buttercoin,,42.10526315789473
STARTUP,CoreOS,,33.333333333333336
STARTUP,Crowdery,,28.57142857142857
STARTUP,GoComm,,36.0
STARTUP,DoorDash,,28.57142857142857
STARTUP,EasyPost,,28.57142857142857
STARTUP,SimpleLegal,,36.0
STARTUP,"Estimote, Inc.",,28.57142857142857
STARTUP,Floobits,,28.57142857142857
STARTUP,Glio,,36.0
STARTUP,Graft Concepts,,40.0
STARTUP,Hum,,30.000000000000004
STARTUP,Cratejoy,,35.29411764705882
STARTUP,SpoonRocket,,40.0
STARTUP,Casetext,,25.0
STARTUP,Layer By Layer,,28.5
STARTUP,Le Tote,,30.76923076923077
STARTUP,LocalOn,,30.76923076923077
STARTUP,Senic,,54.54545454545454
STARTUP,Meta,,45.0
STARTUP,One Month,,45.0
STARTUP,Panorama Education,,45.0
STARTUP,Watchsend,,40.0
STARTUP,Lob,,45.0
STARTUP,Amulyte,,25.0
STARTUP,RealCrowd,,40.0
STARTUP,Reebee,,28.57142857142857
STARTUP,Arcus,,42.85714285714286
STARTUP,Audobox,,25.0
STARTUP,Bop.fm,,36.0
STARTUP,Butter Systems,,32.727272727272734
STARTUP,StatusPage,,36.0
STARTUP,Lumoid,,42.85714285714286
STARTUP,SoundFocus,,36.0
STARTUP,True Link,,35.29411764705882
STARTUP,Datarank,,35.29411764705882
STARTUP,Kivo,,36.0
STARTUP,Webflow,,15.384615384615385
STARTUP,Weilos,,33.333333333333336
STARTUP,WebCake,,30.76923076923077
STARTUP,Echo Locker,,32.727272727272734
STARTUP,42,,0.0
STARTUP,Abacus,,26.66666666666667
STARTUP,Boostable,,30.000000000000004
STARTUP,AirHelp,,37.5
STARTUP,Two Tap,,37.5
STARTUP,Ambition,,37.5
STARTUP,CareMessage,,30.000000000000004
STARTUP,AptDeco,,37.5
STARTUP,Awesometalk,,45.0
STARTUP,Bellabeat,,40.0
STARTUP,Chargehound,,36.0
STARTUP,Cambly,,25.71428571428571
STARTUP,Futureleague,,32.727272727272734
STARTUP,Noora Health,,38.0
STARTUP,CodeCombat,,37.5
STARTUP,CodeNow,,46.15384615384615
STARTUP,Threadable,,32.727272727272734
STARTUP,Cruise,,32.727272727272734
STARTUP,Dating Ring,,40.0
STARTUP,Yumbin,,42.85714285714286
STARTUP,Drive Pulse,,32.727272727272734
STARTUP,Eventjoy,,37.5
STARTUP,Flexport,,25.0
STARTUP,Axoni,,54.54545454545454
STARTUP,Kimono Labs,,45.0
STARTUP,Kuna Systems,,36.0
STARTUP,DevCycle,,37.5
STARTUP,MadeSolid,,47.05882352941176
STARTUP,Emailio,,46.15384615384615
STARTUP,MBX,,30.000000000000004
STARTUP,Motionlead,,45.0
STARTUP,Move Loot,,38.0
STARTUP,Next Caller,,30.000000000000004
STARTUP,HoverChat,,40.0
STARTUP,One Degree,,45.0
STARTUP,StackLead,,40.0
STARTUP,Theorem,,40.0
STARTUP,Liftigniter,,32.727272727272734
STARTUP,PiinPoint,,45.0
STARTUP,PipelineDB,,45.0
STARTUP,Povio,,45.0
STARTUP,Pushbullet,,25.71428571428571
STARTUP,Rickshaw,,35.29411764705882
STARTUP,Rocketrip,,40.0
STARTUP,Shoobs,,30.000000000000004
STARTUP,SketchDeck,,31.57894736842105
STARTUP,MerryMint,,47.05882352941176
STARTUP,Snapdocs,,35.29411764705882
STARTUP,Shopagram,,49.090909090909086
STARTUP,Edyn,,45.0
STARTUP,Style Lend,,44.44444444444444
STARTUP,Guesty,,20.0
STARTUP,Terravion,,45.0
STARTUP,TrueVault,,30.000000000000004
STARTUP,Unicornly,,40.0
STARTUP,Weave,,45.0
STARTUP,Wit.ai,,38.0
STARTUP,Zesty,,25.71428571428571
STARTUP,Zidisha,,26.66666666666667
STARTUP,Zinc,,60.00000000000001
STARTUP,ZowPow,,36.0
STARTUP,Algolia,,37.5
STARTUP,Gobble,,33.333333333333336
STARTUP,AirPair,,50.0
STARTUP,GBatteries,,42.10526315789473
STARTUP,Unbabel,,30.76923076923077
STARTUP,MixerBox,,25.0
STARTUP,OpenCurriculum,,72.0
STARTUP,Dyspatch,,35.29411764705882
STARTUP,Whirlscape,,45.0
STARTUP,Avametric,,55.55555555555556
STARTUP,Framed Data,,30.000000000000004
STARTUP,Immunity Project,,40.0
STARTUP,Vidpresso,,30.000000000000004
STARTUP,Aptible,,37.5
STARTUP,Zip Phone,,42.75
STARTUP,Backpack,,35.29411764705882
STARTUP,Bannerman,,35.29411764705882
STARTUP,Parenthoods,,50.0
STARTUP,SpringWit,,40.0
STARTUP,Bikanta,,37.5
STARTUP,Billforward,,30.000000000000004
STARTUP,Bitaccess,,22.5
STARTUP,Carlypso,,35.29411764705882
STARTUP,Checkr,,32.727272727272734
STARTUP,Clara Labs,,21.052631578947366
STARTUP,Clear,,36.36363636363637
STARTUP,Craft Coffee,,36.0
STARTUP,PersistIQ,,49.090909090909086
STARTUP,Doblet,,33.333333333333336
STARTUP,Owners Circle,,40.0
STARTUP,Fixed,,45.0
STARTUP,Flaviar,,30.76923076923077
STARTUP,Flytenow,,28.57142857142857
STARTUP,Hyperpad,,42.85714285714286
STARTUP,TAXA Biotechnologies,,45.0
STARTUP,GovPredict,,50.0
STARTUP,Blockspring,,35.29411764705882
STARTUP,Greentoe,,37.5
STARTUP,Hublo,,36.0
STARTUP,VizeraLabs,,30.000000000000004
STARTUP,Impraise,,42.85714285714286
STARTUP,Protocol Labs,,34.54545454545455
STARTUP,Kash,,45.0
STARTUP,Lawn Love,,40.0
STARTUP,ListRunner,,22.5
STARTUP,Replenish,,60.00000000000001
STARTUP,MetricWire,,42.10526315789473
STARTUP,MTailor,,30.76923076923077
STARTUP,Naytev,,40.0
STARTUP,Neptune.io,,37.5
STARTUP,Alchemy,,26.66666666666667
STARTUP,Nightingale,,45.0
STARTUP,Permutive,,45.0
STARTUP,PicnicAI,,57.14285714285714
STARTUP,In Your Corner,,36.0
STARTUP,Product Hunt,,45.23809523809524
STARTUP,Cheddar,,30.76923076923077
STARTUP,Rigetti Computing,,45.0
STARTUP,Roost,,36.0
STARTUP,SFOX,,36.0
STARTUP,UserGems,,37.5
STARTUP,Apto Payments,,45.0
STARTUP,ShipBob,,25.0
STARTUP,Shout,,36.0
STARTUP,SalesSift,,30.000000000000004
STARTUP,SpotAngels,,32.727272727272734
STARTUP,HauteDay,,28.57142857142857
STARTUP,Tenjin,,50.0
STARTUP,Paid,,60.00000000000001
STARTUP,Think Gaming,,45.23809523809524
STARTUP,Hive,,36.0
STARTUP,Payable,,30.76923076923077
STARTUP,Tinker,,32.727272727272734
STARTUP,Tule,,30.000000000000004
STARTUP,Roomstorm,,22.5
STARTUP,Weave,,45.0
STARTUP,Whirl,,36.0
STARTUP,Women.com,,51.300000000000004
STARTUP,Zoomer,,33.333333333333336
STARTUP,Beep,,67.5
STARTUP,Front,,45.0
STARTUP,Cognito,,46.15384615384615
STARTUP,Ginkgo Bioworks,,32.727272727272734
STARTUP,Helion Energy,,45.0
STARTUP,Oklo,,36.0
STARTUP,Bayes Impact,,36.0
STARTUP,Zenamins,,57.14285714285714
STARTUP,One Codex,,45.0
STARTUP,Ravti,,45.0
STARTUP,Sliced Investing,,38.57142857142858
STARTUP,Unwind Me,,44.70588235294118
STARTUP,Notable Labs,,36.0
STARTUP,Qventus,,30.76923076923077
STARTUP,3dot,,36.0
STARTUP,Final,,45.0
STARTUP,Pomello,,30.76923076923077
STARTUP,Tech in Asia,,45.0
STARTUP,20n,,36.0
STARTUP,Akido Labs,,40.0
STARTUP,Mezmo,,36.0
STARTUP,Smyte,,25.71428571428571
STARTUP,Magic,,51.42857142857142
STARTUP,Bizzy,,25.71428571428571
STARTUP,Bluesmart,,30.000000000000004
STARTUP,Booktrope,,60.00000000000001
STARTUP,Bright,,32.727272727272734
STARTUP,Numerion Labs,,45.0
STARTUP,Cribspot,,23.529411764705888
STARTUP,CyberFend,,47.05882352941176
STARTUP,Democracy Earth,,49.090909090909086
STARTUP,The Human Utility,,40.23529411764706
STARTUP,Zeitview,,28.57142857142857
STARTUP,Bankjoy,,37.5
STARTUP,GiveMeTap,,36.0
STARTUP,SparkGift,,45.0
STARTUP,GroupAhead,,50.0
STARTUP,GrubMarket,,22.5
STARTUP,WorkLife,,28.57142857142857
STARTUP,HigherMe,,25.0
STARTUP,Instavest,,32.727272727272734
STARTUP,Kickpay,,30.76923076923077
STARTUP,Labdoor,,25.0
STARTUP,Platzi,,50.0
STARTUP,Omniref,,46.15384615384615
STARTUP,Open Listings,,72.0
STARTUP,Pachyderm,,45.0
STARTUP,Pakible,,46.15384615384615
STARTUP,Paperspace,,45.0
STARTUP,BuildScience,,36.0
STARTUP,ReadMe,,33.333333333333336
STARTUP,ReSchedule Med,,45.0
STARTUP,Shift Messenger,,36.642857142857146
STARTUP,Shift Labs,,30.0
STARTUP,Sails Co.,,40.714285714285715
STARTUP,SIRUM,,25.71428571428571
STARTUP,Smarking,,37.5
STARTUP,Tempo,,40.0
STARTUP,TeamNote,,37.5
STARTUP,Makrwatch,,33.333333333333336
STARTUP,Mobydish,,28.57142857142857
STARTUP,Remix,,54.0
STARTUP,Rare Door,,33.333333333333336
STARTUP,Underground Cellar,,34.2
STARTUP,Vest,,30.000000000000004
STARTUP,Resolve,,30.76923076923077
STARTUP,YesGraph,,28.57142857142857
STARTUP,Yhat,,51.42857142857142
STARTUP,Bonfire,,46.15384615384615
STARTUP,WayUp,,30.000000000000004
STARTUP,Cleanly,,30.76923076923077
STARTUP,Dealyze,,40.0
STARTUP,Lucira Health,,38.0
STARTUP,Quantierra,,42.10526315789473
STARTUP,eBrandvalue,,36.0
STARTUP,EquipmentShare,,45.0
STARTUP,GitLab,,25.71428571428571
STARTUP,Giveffect,,23.529411764705888
STARTUP,Glassjar,,23.529411764705888
STARTUP,Industrial Microbes,,49.090909090909086
STARTUP,NexTravel,,33.333333333333336
STARTUP,Level Frames,,30.000000000000004
STARTUP,Meadow,,33.333333333333336
STARTUP,Moltin,,42.85714285714286
STARTUP,Nextop,,60.00000000000001
STARTUP,Outbound,,28.57142857142857
STARTUP,Dabble,,28.57142857142857
STARTUP,Pigeonly,,42.85714285714286
STARTUP,Popular Pays,,45.0
STARTUP,Pretty Instant,,45.0
STARTUP,Priime,,40.0
STARTUP,Razorpay,,42.85714285714286
STARTUP,Rescue Forensics,,60.00000000000001
STARTUP,Seed,,51.42857142857142
STARTUP,SigOpt,,36.0
STARTUP,Spoil,,45.0
STARTUP,Standard Cyborg,,40.0
STARTUP,Tab,,45.0
STARTUP,Zenflow,,30.76923076923077
STARTUP,Transcriptic,,57.14285714285714
STARTUP,Valor Water Analytics,,50.294117647058826
STARTUP,Vanhawks,,35.29411764705882
STARTUP,VetPronto,,36.0
STARTUP,Wink Health,,38.0
STARTUP,X-Zell,,16.666666666666664
STARTUP,Raven Tech,,42.10526315789473
STARTUP,Bagaveev Corporation,,25.0
STARTUP,Lully,,0.0
STARTUP,Chariot,,37.5
STARTUP,Flip,,36.0
STARTUP,Tara AI,,37.5
STARTUP,Replika,,40.0
STARTUP,Automate Ads,,33.333333333333336
STARTUP,NimbleRx,,28.57142857142857
STARTUP,Nomiku,,40.0
STARTUP,Spire Health,,45.23809523809524
STARTUP,ThinAir,,46.15384615384615
STARTUP,Lumi,,45.0
STARTUP,Mashgin,,40.0
STARTUP,Shasqi,,33.333333333333336
STARTUP,Triplebyte,,31.57894736842105
STARTUP,Lugg,,0.0
STARTUP,Teleport,,37.5
STARTUP,Serica,,49.090909090909086
STARTUP,teaBOT,,40.0
STARTUP,Leaders In Tech,,45.0
STARTUP,Ironclad,,42.85714285714286
STARTUP,Jopwell,,46.15384615384615
STARTUP,L.,,0.0
STARTUP,New Story,,33.333333333333336
STARTUP,OpenInvest,,81.81818181818181
STARTUP,Gemnote,,40.0
STARTUP,Assembly,,25.0
STARTUP,PartnerStack,,45.0
STARTUP,Roomblocker,,32.727272727272734
STARTUP,ROSS Intelligence,,36.0
STARTUP,Scope AR,,57.14285714285714
STARTUP,Second Measure,,42.75
STARTUP,SnapMagic,,45.0
STARTUP,SourceDNA,,54.0
STARTUP,Vernox,,33.333333333333336
STARTUP,Hickory,,37.5
STARTUP,Heroic Labs,,50.0
STARTUP,Airmada,,30.76923076923077
STARTUP,Call9,,30.000000000000004
STARTUP,CareLedger,,33.333333333333336
STARTUP,Branch8,,37.5
STARTUP,Confident LIMS,,49.090909090909086
STARTUP,Convox,,33.333333333333336
STARTUP,Cymmetria,,33.333333333333336
STARTUP,Shotput,,37.5
STARTUP,Eden,,60.00000000000001
STARTUP,Foxpass,,46.15384615384615
STARTUP,SunFarmer,,32.727272727272734
STARTUP,Stitch Health,,43.18181818181819
STARTUP,Reach,,40.0
STARTUP,Tesorio,,37.5
STARTUP,Thrive Agritech,,55.38461538461539
STARTUP,Verge Genomics,,48.0
STARTUP,Afrostream,,45.0
STARTUP,Apollo Health,,45.0
STARTUP,Willing,,26.66666666666667
STARTUP,Bistrobot,,33.333333333333336
STARTUP,Bluecrew,,25.0
STARTUP,Bodyport,,28.57142857142857
STARTUP,Appcanary,,45.0
STARTUP,Chaldal,,15.384615384615385
STARTUP,Cloudstitch,,30.000000000000004
STARTUP,Sphere Secure Workspace,,45.0
STARTUP,Drip Capital,,45.0
STARTUP,GiveCampus,,30.000000000000004
STARTUP,Circle Medical,,33.75
STARTUP,zPREDICTA,,45.0
STARTUP,jEugene,,40.0
STARTUP,Leada,,36.36363636363637
STARTUP,Locent,,50.0
STARTUP,Markhor,,37.5
STARTUP,Zeplin,,57.14285714285714
STARTUP,Microhealth,,45.0
STARTUP,Ohm,,45.0
STARTUP,Fountain,,57.14285714285714
STARTUP,Oolu,,36.0
STARTUP,Paribus,,46.15384615384615
STARTUP,PickTrace,,45.0
STARTUP,Prayas Analytics,,50.294117647058826
STARTUP,Interviewed,,40.0
STARTUP,Plate IQ,,42.85714285714286
STARTUP,RedCarpetUp,,32.727272727272734
STARTUP,Reduced Energy Microsystems,,45.0
STARTUP,Scentbird,,45.0
STARTUP,Seva Coffee,,38.0
STARTUP,Shape (ShapeScale),,45.0
STARTUP,Shred Video,,31.57894736842105
STARTUP,Xendit,,50.0
STARTUP,Xfers,,25.71428571428571
STARTUP,Traversal Networks,,40.0
STARTUP,"80,000 Hours",,19.047619047619047
STARTUP,Font Awesome,,45.0
STARTUP,Go1,,45.0
STARTUP,Saida,,45.0
STARTUP,HER,,60.00000000000001
STARTUP,Maderight,,35.29411764705882
STARTUP,Blitz Esports,,24.000000000000004
STARTUP,The Ticket Fairy,,45.0
STARTUP,Fetch,,40.0
STARTUP,Wheelys Café,,23.529411764705888
STARTUP,TetraScience,,38.095238095238095
STARTUP,Mimir,,40.0
STARTUP,Auro Robotics,,45.45454545454546
STARTUP,Klarismo,,35.29411764705882
STARTUP,Nebia,,36.36363636363637
STARTUP,StyleBee,,25.0
STARTUP,PlateJoy,,35.29411764705882
STARTUP,Bitmovin,,37.5
STARTUP,Cofactor Genomics,,48.0
STARTUP,Instawork,,33.333333333333336
STARTUP,Eight Sleep,,45.0
STARTUP,Flirtey (SkyDrop),,45.0
STARTUP,Human Interest,,40.0
STARTUP,Halolife,,35.29411764705882
STARTUP,Tenant Turner,,54.0
STARTUP,VOIQ,,45.0
STARTUP,Gigster,,25.0
STARTUP,Mux,,30.000000000000004
STARTUP,Lattice,,50.0
STARTUP,SOUNDBOKS,,36.0
STARTUP,Compgun,,46.15384615384615
STARTUP,Deepgram,,62.5
STARTUP,Stealth Worker,,40.0
STARTUP,Stilt,,28.57142857142857
STARTUP,Magic Instruments,,39.46153846153846
STARTUP,Embark Trucks,,36.36363636363637
STARTUP,VINEBOX (Usual Beverage Co.),,32.727272727272734
STARTUP,Yardbook,,35.29411764705882
STARTUP,Chatfuel,,23.529411764705888
STARTUP,AlphaFlow,,33.333333333333336
STARTUP,GetAccept,,36.0
STARTUP,iSono Health,,45.0
STARTUP,Tovala,,33.333333333333336
STARTUP,MagicBus,,35.29411764705882
STARTUP,Mason,,51.42857142857142
STARTUP,Outschool,,33.333333333333336
STARTUP,Petcube,,30.76923076923077
STARTUP,Daily,,36.36363636363637
STARTUP,Mio,,60.00000000000001
STARTUP,Algoriz,,37.5
STARTUP,Focal Systems,,36.0
STARTUP,Loop Genomics,,60.00000000000001
STARTUP,Toymail,,46.15384615384615
STARTUP,UpLabs,,33.333333333333336
STARTUP,WorldCover,,36.0
STARTUP,Able Health,,32.727272727272734
STARTUP,Truebill,,35.29411764705882
STARTUP,Chillabit,,36.0
STARTUP,Deako,,51.42857142857142
STARTUP,DoseDr,,42.85714285714286
STARTUP,Copia,,60.00000000000001
STARTUP,Gigwell,,15.384615384615385
STARTUP,InnoVein,,42.85714285714286
STARTUP,Inevitable Tech,,36.0
STARTUP,LendEDU,,40.0
STARTUP,Luminist Labs,,41.53846153846154
STARTUP,Meter Feeder,,42.75
STARTUP,MineralSoft,,31.57894736842105
STARTUP,PocketSuite,,35.29411764705882
STARTUP,Pulpix,,40.0
STARTUP,Revl,,30.000000000000004
STARTUP,Paystack,,35.29411764705882
STARTUP,Bus.com,,15.384615384615385
STARTUP,Unima,,36.36363636363637
STARTUP,Enflux,,33.333333333333336
STARTUP,Goodybag,,28.57142857142857
STARTUP,Open Motors,,72.0
STARTUP,Start Closing,,36.36363636363637
STARTUP,MailTime,,35.29411764705882
STARTUP,Monthli,,50.0
STARTUP,Opentrons,,72.0
STARTUP,Castle,,40.0
STARTUP,Castle,,40.0
STARTUP,Netomi,,53.333333333333336
STARTUP,Superside,,45.0
STARTUP,ConstructVR,,40.0
STARTUP,Function of Beauty,,45.0
STARTUP,Luciq (formerly Instabug),,33.75
STARTUP,Interstate Analytics,,50.294117647058826
STARTUP,Patchwork Security,,45.0
STARTUP,Pave,,51.42857142857142
STARTUP,Podium,,40.0
STARTUP,Salt Security,,36.36363636363637
STARTUP,Apollo.io,,36.0
STARTUP,Poppy,,40.0
STARTUP,Anchor Health,,45.0
STARTUP,Thunkable,,30.000000000000004
STARTUP,Plato,,45.0
STARTUP,Lynks,,25.71428571428571
STARTUP,Emburse,,26.66666666666667
STARTUP,Gecko Robotics,,42.35294117647059
STARTUP,GoLorry,,15.384615384615385
STARTUP,HistoWiz,,35.29411764705882
STARTUP,Landed,,45.0
STARTUP,mRelief,,30.76923076923077
STARTUP,NetBeez,,26.66666666666667
STARTUP,Redspread,,49.090909090909086
STARTUP,Caper,,36.36363636363637
STARTUP,TRAC,,46.15384615384615
STARTUP,Elucify,,30.76923076923077
STARTUP,Envyl,,36.36363636363637
STARTUP,Cover,,36.36363636363637
STARTUP,Carbic,,53.333333333333336
STARTUP,Georgette Packaging,,37.03703703703704
STARTUP,FightCamp,,25.71428571428571
STARTUP,Kisan Network,,36.36363636363637
STARTUP,NURX,,45.0
STARTUP,Quilt Data,,30.0
STARTUP,Real Artists,,40.0
STARTUP,Restocks,,35.29411764705882
STARTUP,Sanitation and Health Rights in India (SHRI),,50.0
STARTUP,Silver,,22.5
STARTUP,Pathmind,,62.5
STARTUP,UroDev Medical,,45.0
STARTUP,Unnyhog,,37.5
STARTUP,Wakie,,36.36363636363637
STARTUP,Index,,67.5
STARTUP,Sendbird,,42.85714285714286
STARTUP,Relativity Space,,45.0
STARTUP,Boom,,36.0
STARTUP,Protonet,,28.57142857142857
STARTUP,StrongIntro,,45.0
STARTUP,Nova,,51.42857142857142
STARTUP,Streamup,,35.29411764705882
STARTUP,Bonsai,,66.66666666666667
STARTUP,Modal,,40.0
STARTUP,flexEngage,,45.0
STARTUP,Hingeto,,37.5
STARTUP,GitPrime,,35.29411764705882
STARTUP,Astranis,,47.05882352941176
STARTUP,PhysioHealth,,45.0
STARTUP,Zenysis,,46.15384615384615
STARTUP,Lygos,,20.0
STARTUP,DevColor,,25.0
STARTUP,Kip Health,,45.0
STARTUP,Perlara,,46.15384615384615
STARTUP,Qvin,,51.42857142857142
STARTUP,Rappi,,54.0
STARTUP,BillionToOne,,40.0
STARTUP,Direct Match,,36.0
STARTUP,Mindori,,53.333333333333336
STARTUP,Prime Lightworks,,40.0
STARTUP,Seneca Systems,,45.0
STARTUP,NuCypher (aka Threshold Network),,50.0
STARTUP,Vetcove,,30.76923076923077
STARTUP,SmartSite,,33.333333333333336
STARTUP,Selfycart,,30.000000000000004
STARTUP,WorkRamp,,28.57142857142857
STARTUP,CareRev,,26.66666666666667
STARTUP,Sixa,,36.0
STARTUP,PatientBank,,54.0
STARTUP,Joy,,45.0
STARTUP,Raptor Maps,,40.0
STARTUP,Upgraded,,37.5
STARTUP,Hellobill,,33.333333333333336
STARTUP,Vote.org,,28.57142857142857
STARTUP,Rose Rocket,,38.0
STARTUP,Farmstead,,40.0
STARTUP,RigPlenish,,60.00000000000001
STARTUP,Livement,,37.5
STARTUP,SimpleCitizen,,45.0
STARTUP,RocketLit,,40.0
STARTUP,AmberBox Gunshot Detection,,45.0
STARTUP,Whyd,,36.0
STARTUP,Hush,,22.5
STARTUP,Sway Finance,,34.2
STARTUP,Iris Automation,,45.0
STARTUP,Opsolutely,,45.0
STARTUP,Metapacket,,36.0
STARTUP,Instrumentl,,36.0
STARTUP,Nova Credit,,38.0
STARTUP,OneChronos,,45.0
STARTUP,Looklive,,28.57142857142857
STARTUP,Haywheel,,25.0
STARTUP,The Flex Company,,46.63636363636363
STARTUP,Techmate,,28.57142857142857
STARTUP,CoinTent,,42.85714285714286
STARTUP,Women Who Code,,51.300000000000004
STARTUP,Multiply Labs,,30.000000000000004
STARTUP,Fabric,,53.333333333333336
STARTUP,Shield Bio,,30.000000000000004
STARTUP,Clip Health,,45.0
STARTUP,garten,,45.0
STARTUP,Mosaix.ai,,49.090909090909086
STARTUP,Burrow,,32.727272727272734
STARTUP,Robby Technologies,,33.333333333333336
STARTUP,Pursuit,,30.76923076923077
STARTUP,Coub,,36.0
STARTUP,Kenota (formerly ExVivo Labs),,45.0
STARTUP,Symple,,33.333333333333336
STARTUP,Vidcode,,30.76923076923077
STARTUP,New Incentives,,45.0
STARTUP,NeoWize,,37.5
STARTUP,Sage Care,,30.000000000000004
STARTUP,Legalist,,42.85714285714286
STARTUP,Airo Health,,45.0
STARTUP,Synvivia,,28.57142857142857
STARTUP,HiOperator,,60.00000000000001
STARTUP,GoGoGrandparent,,45.0
STARTUP,Bulldozair,,49.090909090909086
STARTUP,Meesho,,30.000000000000004
STARTUP,Drivezy,,26.66666666666667
STARTUP,Seerslab,,28.57142857142857
STARTUP,Squire Technologies,,33.75
STARTUP,The Athletic,,47.61904761904761
STARTUP,Miso,,45.0
STARTUP,Athelas,,37.5
STARTUP,Starsky Robotics,,42.75
STARTUP,Airfordable,,45.0
STARTUP,Validere,,37.5
STARTUP,Curtsy,,25.71428571428571
STARTUP,SmartPath,,36.0
STARTUP,Scanate/Fellow,,36.642857142857146
STARTUP,Xberts,,20.0
STARTUP,Emote,,45.0
STARTUP,GTRACK Technologies,,38.57142857142858
STARTUP,Abundance Labs,,31.76470588235294
STARTUP,Flutterwave,,30.000000000000004
STARTUP,CrowdAI,,46.15384615384615
STARTUP,Ready Education,,45.0
STARTUP,Circa,,51.42857142857142
STARTUP,Saleswhale,,30.000000000000004
STARTUP,Polymail,,42.85714285714286
STARTUP,Scale AI,,42.85714285714286
STARTUP,OMG Digital,,30.000000000000004
STARTUP,Yoshi Mobility,,34.2
STARTUP,People.ai,,66.66666666666667
STARTUP,ApolloShield,,32.727272727272734
STARTUP,Ubiq,,36.0
STARTUP,Lendsnap,,42.85714285714286
STARTUP,Reebeez,,26.66666666666667
STARTUP,Quero Education,,45.0
STARTUP,Jumpcut,,25.0
STARTUP,Innov8,,30.000000000000004
STARTUP,Suiteness,,32.727272727272734
STARTUP,Elemeno Health,,51.42857142857142
STARTUP,Expo,,45.0
STARTUP,Proxy,,36.0
STARTUP,ClassDojo,,25.71428571428571
STARTUP,Starcity,,35.29411764705882
STARTUP,UtilityScore (formerly Pando),,41.53846153846154
STARTUP,Bird,,51.42857142857142
STARTUP,DemocracyOS,,31.57894736842105
STARTUP,RunKit,,40.0
STARTUP,SkyLights,,16.36363636363636
STARTUP,Voiceops,,35.29411764705882
STARTUP,Trade,,51.42857142857142
STARTUP,boxouse,,30.76923076923077
STARTUP,Clear Genetics,,48.0
STARTUP,Tizeti,,33.333333333333336
STARTUP,Speak,,54.54545454545454
STARTUP,Bountiful,,45.0
STARTUP,Cowlar,,33.333333333333336
STARTUP,Scribe,,32.727272727272734
STARTUP,Pearl,,54.54545454545454
STARTUP,Sinovia Technologies,,40.0
STARTUP,Riley,,36.0
STARTUP,Loop Support,,36.0
STARTUP,Rippling,,37.5
STARTUP,lvl5,,0.0
STARTUP,Pit.AI,,50.0
STARTUP,Arthena,,46.15384615384615
STARTUP,Sleep Reset,,31.57894736842105
STARTUP,Shipamax,,28.57142857142857
STARTUP,Volansi,,46.15384615384615
STARTUP,BloomAPI,,42.85714285714286
STARTUP,Soomgo,,17.999999999999996
STARTUP,LitHit,,45.0
STARTUP,MDalgorithms Inc.,,36.0
STARTUP,Extern,,42.85714285714286
STARTUP,REZI,,45.0
STARTUP,Ledger Investing,,45.0
STARTUP,Pulse,,36.36363636363637
STARTUP,Scaphold.io,,40.0
STARTUP,Cartcam,,37.5
STARTUP,Nuvola,,33.333333333333336
STARTUP,Zinc Platform,,43.18181818181819
STARTUP,Beek,,51.42857142857142
STARTUP,Upcall,,40.0
STARTUP,Tress,,36.0
STARTUP,The Essential,,45.0
STARTUP,Sudden Coffee,,46.63636363636363
STARTUP,VanGo,,51.42857142857142
STARTUP,Fiix,,36.0
STARTUP,Wavy,,36.0
STARTUP,Clipboard,,36.0
STARTUP,Origin,,36.0
STARTUP,Sandbox Banking,,36.642857142857146
STARTUP,Entry,,54.0
STARTUP,RankScience,,40.0
STARTUP,Volt Health,,38.0
STARTUP,Armory,,45.0
STARTUP,Ambient.ai,,60.00000000000001
STARTUP,Token Transit,,52.63157894736843
STARTUP,Penny,,54.54545454545454
STARTUP,Snappr,,33.333333333333336
STARTUP,InnaMed,,40.0
STARTUP,Fibo,,36.0
STARTUP,Sycamore,,28.57142857142857
STARTUP,Rally Tennis,,49.090909090909086
STARTUP,Mednet,,40.0
STARTUP,Firsthand,,35.29411764705882
STARTUP,"Veryfi, Inc.",,33.333333333333336
STARTUP,Wright Electric,,55.38461538461539
STARTUP,Tolemi,,50.0
STARTUP,Aella,,36.36363636363637
STARTUP,Arylla,,32.727272727272734
STARTUP,Hivy,,36.0
STARTUP,Collectly,,32.727272727272734
STARTUP,Request Network,,36.642857142857146
STARTUP,Neema,,54.0
STARTUP,AlemHealth,,32.727272727272734
STARTUP,FastJVM,,25.0
STARTUP,Supr Daily,,45.0
STARTUP,Bulk MRO Industrial Supply,,45.0
STARTUP,Solugen,,46.15384615384615
STARTUP,WaystoCap,,44.44444444444444
STARTUP,Bitrise,,37.5
STARTUP,Tetra,,36.36363636363637
STARTUP,Plane,,51.42857142857142
STARTUP,FloydHub,,14.28571428571429
STARTUP,Hogaru,,33.333333333333336
STARTUP,Reliance Health,,47.5
STARTUP,Apozy,,30.000000000000004
STARTUP,BuyPower,,28.57142857142857
STARTUP,Smart Alto,,31.57894736842105
STARTUP,AON3D,,51.42857142857142
STARTUP,Breaker,,30.76923076923077
STARTUP,Bulletin,,37.5
STARTUP,Nomba,,36.36363636363637
STARTUP,BIOS Health,,45.0
STARTUP,ZipX,,36.0
STARTUP,NanoNets,,35.29411764705882
STARTUP,Delee,,67.5
STARTUP,Marketfox,,33.333333333333336
STARTUP,Bicycle AI,,54.0
STARTUP,"Wifi Dabba, Inc.",,28.5
STARTUP,Terark,,33.333333333333336
STARTUP,Voodoo Manufacturing,,42.35294117647059
STARTUP,Playment,,42.85714285714286
STARTUP,OneFin,,50.0
STARTUP,UpKeep,,42.85714285714286
STARTUP,SourceBeacon,,45.0
STARTUP,Faire,,36.36363636363637
STARTUP,Niles,,36.36363636363637
STARTUP,Ridecell,,37.5
STARTUP,KidPass,,30.76923076923077
STARTUP,Anasen,,45.0
STARTUP,Indee Labs,,33.333333333333336
STARTUP,The Centre for Effective Altruism,,45.6
STARTUP,"Lively, Inc.",,22.5
STARTUP,Dost Education,,45.0
STARTUP,Brex,,30.000000000000004
STARTUP,Mirror AI,,49.090909090909086
STARTUP,Peer5,,45.0
STARTUP,Helix Nanotechnologies,,50.0
STARTUP,ScopeAI,,76.92307692307692
STARTUP,Retool,,32.727272727272734
STARTUP,Humi,,45.0
STARTUP,ACLU,,36.0
STARTUP,Jerry,,25.71428571428571
STARTUP,Elucd,,30.76923076923077
STARTUP,Passerine Aircraft,,45.0
STARTUP,FAZZ,,36.0
STARTUP,Sigma Genetics,,50.0
STARTUP,Py,,45.0
STARTUP,Skyways,,15.384615384615385
STARTUP,Long Term Stock Exchange,,40.0
STARTUP,Sunfolding,,33.333333333333336
STARTUP,Nobell Foods,,36.0
STARTUP,VergeSense,,36.0
STARTUP,AutoHub,,37.5
STARTUP,Prism Labs,,40.0
STARTUP,Audm,,36.0
STARTUP,Feather,,50.0
STARTUP,Aecore,,33.333333333333336
STARTUP,Bloom Institute of Technology,,33.75
STARTUP,Leon & George,,42.75
STARTUP,Releaf Earth,,42.75
STARTUP,CarDash,,25.0
STARTUP,Ribbon Health,,45.0
STARTUP,Fam,,45.0
STARTUP,Helium Health,,38.0
STARTUP,Fat Llama,,25.71428571428571
STARTUP,UpCodes,,30.76923076923077
STARTUP,Standard AI,,45.0
STARTUP,Pathrise,,58.82352941176471
STARTUP,Dropleaf,,57.14285714285714
STARTUP,Gameday,,30.76923076923077
STARTUP,Roofr,,36.0
STARTUP,Nimble,,33.333333333333336
STARTUP,Darmiyan,,50.0
STARTUP,SafeButler,,31.57894736842105
STARTUP,Sixty,,25.71428571428571
STARTUP,ThereCraft,,42.10526315789473
STARTUP,CocuSocial,,32.727272727272734
STARTUP,Flock Safety,,30.000000000000004
STARTUP,Mystery.org,,30.000000000000004
STARTUP,Relationship Hero,,45.0
STARTUP,Carrot Fertility,,38.57142857142858
STARTUP,Enzyme,,33.333333333333336
STARTUP,Advano,,45.0
STARTUP,Value Voting,,33.75
STARTUP,Greo,,45.0
STARTUP,Mystro,,45.0
STARTUP,Solve,,36.36363636363637
STARTUP,Escher Reality,,45.0
STARTUP,Semantix,,47.05882352941176
STARTUP,Covetly,,30.76923076923077
STARTUP,Prelim,,50.0
STARTUP,Upfort,,20.0
STARTUP,Wildfire,,25.0
STARTUP,Meetingbird,,52.63157894736843
STARTUP,Plasticity,,45.0
STARTUP,Caelum Health,,32.727272727272734
STARTUP,Truepill,,47.05882352941176
STARTUP,Rabbet,,40.0
STARTUP,Slik,,36.0
STARTUP,Cairns Health,,40.0
STARTUP,Pop Meals,,60.00000000000001
STARTUP,RideAlong,,40.0
STARTUP,Spect,,45.0
STARTUP,HelpWear,,42.85714285714286
STARTUP,Entocycle,,45.0
STARTUP,Indivio,,40.0
STARTUP,Pyka,,45.0
STARTUP,Rev Genomics,,45.0
STARTUP,tpaga,,36.36363636363637
STARTUP,Surematics,,45.0
STARTUP,Storyboard,,36.0
STARTUP,Airthium,,47.05882352941176
STARTUP,Piggy,,45.0
STARTUP,Goosebump,,32.727272727272734
STARTUP,Newfront,,35.29411764705882
STARTUP,PreDxion Bio,,45.0
STARTUP,Guilded,,40.0
STARTUP,Honeydue,,28.57142857142857
STARTUP,Flowspace,,45.0
STARTUP,Modular Science,,40.0
STARTUP,And Comfort,,30.000000000000004
STARTUP,Skyscrape,,45.0
STARTUP,D-ID,,51.42857142857142
STARTUP,Tesseract,,33.333333333333336
STARTUP,Oncobox,,30.76923076923077
STARTUP,Percept.AI,,50.0
STARTUP,WATERFX,,37.5
STARTUP,bxblue,,16.666666666666664
STARTUP,Sunu,,30.000000000000004
STARTUP,LotusPay,,42.85714285714286
STARTUP,Sourceress,,30.000000000000004
STARTUP,Fastpad,,37.5
STARTUP,OneLocal,,42.85714285714286
STARTUP,Eduflow,,26.66666666666667
STARTUP,Opearlo,,61.53846153846154
STARTUP,Muzz,,22.5
STARTUP,Headstart,,40.0
STARTUP,Guggy,,0.0
STARTUP,May Mobility,,30.000000000000004
STARTUP,Gamelynx,,28.57142857142857
STARTUP,Officely,,35.29411764705882
STARTUP,Commissary Club (formerly 70 Million Jobs),,42.75
STARTUP,Zendar,,50.0
STARTUP,Polly,,22.5
STARTUP,Cambridge Cancer Genomics,,48.0
STARTUP,AssemblyAI,,45.0
STARTUP,Modern Fertility,,46.63636363636363
STARTUP,Lyrebird,,37.5
STARTUP,Goodcover,,36.0
STARTUP,Templarbit,,45.0
STARTUP,Routable,,28.57142857142857
STARTUP,Just Appraised,,45.0
STARTUP,Gem,,60.00000000000001
STARTUP,disclosures.io,,36.0
STARTUP,Forever Labs,,36.0
STARTUP,VIDA & Co.,,29.230769230769234
STARTUP,Social Construct,,45.0
STARTUP,10 By 10,,0.0
STARTUP,Bumpline,,37.5
STARTUP,Thematic,,47.05882352941176
STARTUP,FollowUpThen,,49.090909090909086
STARTUP,NextDrop,,58.82352941176471
STARTUP,Candidately,,32.727272727272734
STARTUP,WheelStreet,,22.5
STARTUP,Cashfree Payments,,45.0
STARTUP,Dharma Labs,,21.052631578947366
STARTUP,PullRequest,,30.000000000000004
STARTUP,CoderWall,,45.0
STARTUP,Jellyfish Art,,30.000000000000004
STARTUP,"Lucy Goods, Inc",,21.375
STARTUP,Proven Group,,51.300000000000004
STARTUP,Sketchbox,,33.333333333333336
STARTUP,Precious,,42.85714285714286
STARTUP,Mayhem,,36.0
STARTUP,Quantstamp,,42.10526315789473
STARTUP,Torch,,42.85714285714286
STARTUP,Spellbrush,,40.0
STARTUP,Beanstalk,,45.0
STARTUP,Blueberry Pediatrics,,60.00000000000001
STARTUP,Shogun,,33.333333333333336
STARTUP,California Dreamin,,60.00000000000001
STARTUP,Jasper.ai,,60.00000000000001
STARTUP,Ovipost,,30.76923076923077
STARTUP,Assembly,,25.0
STARTUP,Rhythmm,,25.0
STARTUP,Necto,,54.0
STARTUP,Observant AI,,55.55555555555556
STARTUP,Pulse,,36.36363636363637
STARTUP,Bear Flag Robotics,,42.35294117647059
STARTUP,Fondo,,51.42857142857142
STARTUP,Worklytics,,31.57894736842105
STARTUP,Sixfold Bioscience,,45.0
STARTUP,Glowing.io,,37.5
STARTUP,Slite,,25.71428571428571
STARTUP,CoinTracker,,45.0
STARTUP,Key Values,,30.000000000000004
STARTUP,ClearBrain,,40.0
STARTUP,Simetrik,,35.29411764705882
STARTUP,SRTX,,25.71428571428571
STARTUP,Mighty Buildings,,41.53846153846154
STARTUP,Tipe,,51.42857142857142
STARTUP,Avro Life Science,,45.0
STARTUP,Closer Sports,,32.727272727272734
STARTUP,Sepsis Scout,,41.53846153846154
STARTUP,Macromoltek,,32.727272727272734
STARTUP,NEXGENT,,40.0
STARTUP,onederful,,45.0
STARTUP,Biobot Analytics,,50.294117647058826
STARTUP,Skip,,36.0
STARTUP,CodeStream,,44.44444444444444
STARTUP,Nectome,,37.5
STARTUP,Tradewind BioScience,,61.07142857142858
STARTUP,Promise,,40.0
STARTUP,OurMenu,,46.15384615384615
STARTUP,Modern Health,,46.63636363636363
STARTUP,Tingles,,26.66666666666667
STARTUP,Persephone Biosciences,,45.0
STARTUP,Glimpse K12,,30.000000000000004
STARTUP,Reverie Labs,,38.57142857142858
STARTUP,Curious Fictions,,40.0
STARTUP,AesculaTech,,30.000000000000004
STARTUP,Nuvocargo,,33.333333333333336
STARTUP,Dear Brightly,,40.0
STARTUP,Squad,,30.000000000000004
STARTUP,Vanta,,67.5
STARTUP,NewCraft,,28.57142857142857
STARTUP,LUS Brands,,22.22222222222222
STARTUP,Draftbit,,35.29411764705882
STARTUP,Meitre,,33.333333333333336
STARTUP,EnvKey,,33.333333333333336
STARTUP,tEQuitable,,32.727272727272734
STARTUP,Evry Health,,32.727272727272734
STARTUP,BioRender,,45.0
STARTUP,Correlia Biosystems,,45.0
STARTUP,Openland,,71.42857142857143
STARTUP,Sqreen,,42.85714285714286
STARTUP,Plexus,,33.333333333333336
STARTUP,Sourcify,,28.57142857142857
STARTUP,Aalo,,36.0
STARTUP,Viaopt,,40.0
STARTUP,Tributi,,37.5
STARTUP,Meson,,40.0
STARTUP,Supermedium,,36.0
STARTUP,Haiku,,36.36363636363637
STARTUP,Evolve (makers of Podcast App & Rest),,33.75
STARTUP,miru,,45.0
STARTUP,Let's Do This,,31.090909090909093
STARTUP,Flinto,,45.0
STARTUP,Edwin,,54.0
STARTUP,Universe,,28.57142857142857
STARTUP,Acely,,30.000000000000004
STARTUP,Treasury Prime,,40.0
STARTUP,Storyline,,33.333333333333336
STARTUP,Psylaris,,42.85714285714286
STARTUP,Players' Lounge,,40.0
STARTUP,Lawyaw,,25.71428571428571
STARTUP,Cognition IP,,49.090909090909086
STARTUP,Gainful,,30.76923076923077
STARTUP,Nutrigene,,44.44444444444444
STARTUP,Hunter2,,37.5
STARTUP,Station,,37.5
STARTUP,Vathys,,54.0
STARTUP,Naborly,,30.76923076923077
STARTUP,Shone,,36.36363636363637
STARTUP,Weekend (fmr. Volley),,52.61538461538461
STARTUP,SharpestMinds,,56.25
STARTUP,Substack,,23.529411764705888
STARTUP,Pelago,,50.0
STARTUP,Dataform,,35.29411764705882
STARTUP,Pagedraw,,42.85714285714286
STARTUP,Tilt (f.k.a. Delphia),,48.0
STARTUP,SafetyWing,,33.333333333333336
STARTUP,Aspire,,40.0
STARTUP,Mojo,,36.0
STARTUP,Orangewood Labs,,40.0
STARTUP,YouTeam,,46.15384615384615
STARTUP,OSIMple,,46.15384615384615
STARTUP,Groww,,36.0
STARTUP,Memora Health,,38.0
STARTUP,Zyper,,36.36363636363637
STARTUP,AlgoSurg Inc,,23.529411764705888
STARTUP,Medumo,,28.57142857142857
STARTUP,OpenSea,,76.92307692307692
STARTUP,Atrium,,53.333333333333336
STARTUP,ArchForm,,35.29411764705882
STARTUP,ZBiotics,,35.29411764705882
STARTUP,Voicery,,37.5
STARTUP,Swipehouse,,36.0
STARTUP,Iambiq Technologies,,35.71428571428571
STARTUP,Secured,,40.0
STARTUP,Ben,,60.00000000000001
STARTUP,Culture Biosciences,,45.0
STARTUP,Point API,,53.333333333333336
STARTUP,Jido Maps,,30.000000000000004
STARTUP,Observe.AI,,54.0
STARTUP,Tarjimly (acquired),,38.57142857142858
STARTUP,Anjuna,,45.0
STARTUP,Hexel,,45.0
STARTUP,Mind Emulation Foundation,,60.00000000000001
STARTUP,Vena Medical,,57.0
STARTUP,CaptivateIQ,,40.0
STARTUP,ErudiFi,,30.76923076923077
STARTUP,Runa,,51.42857142857142
STARTUP,Qulture.Rocks,,36.36363636363637
STARTUP,Helloverify,,45.0
STARTUP,Super,,36.36363636363637
STARTUP,Warpdrive by Synthetic Minds,,55.38461538461539
STARTUP,Look After My Bills,,40.23529411764706
STARTUP,Aerones,,37.5
STARTUP,Veriff,,33.333333333333336
STARTUP,FidoCure®,,28.57142857142857
STARTUP,Swayable,,14.28571428571429
STARTUP,Replit,,49.090909090909086
STARTUP,Elpha,,40.0
STARTUP,Lambda Tea,,45.0
STARTUP,Snackpass,,40.0
STARTUP,Allotrope Medical,,53.84615384615385
STARTUP,Curebase,,28.57142857142857
STARTUP,Penta Medical,,65.45454545454547
STARTUP,Honeylove,,40.0
STARTUP,Phiar,,45.0
STARTUP,OWNY,,45.0
STARTUP,User Hero,,33.333333333333336
STARTUP,Within,,45.0
STARTUP,C16 Biosciences,,45.0
STARTUP,Modern Treasury,,45.0
STARTUP,ExceptionALLY,,48.0
STARTUP,Passenger AI,,55.55555555555556
STARTUP,"numericcal, inc.",,42.10526315789473
STARTUP,Searchlight,,40.0
STARTUP,Dinesafe,,37.5
STARTUP,Satchel,,37.5
STARTUP,Verse Medical,,45.0
STARTUP,Lowkey,,33.333333333333336
STARTUP,Federacy,,28.57142857142857
STARTUP,FREY,,30.000000000000004
STARTUP,Xkit,,36.0
STARTUP,RevenueCat,,45.0
STARTUP,OpenWrench,,72.0
STARTUP,Demeanor.co,,42.10526315789473
STARTUP,Activeloop,,45.0
STARTUP,Contrast,,42.85714285714286
STARTUP,Inokyo,,30.000000000000004
STARTUP,Titan,,51.42857142857142
STARTUP,ShopWith,,47.05882352941176
STARTUP,Data Driven Bioscience,,45.0
STARTUP,Inscribe,,35.29411764705882
STARTUP,JITX,,36.0
STARTUP,Mylk Guys,,11.764705882352944
STARTUP,INKHUNTER,,33.333333333333336
STARTUP,Apprentice Health,,60.00000000000001
STARTUP,College Pulse,,33.75
STARTUP,Quo (fka OpenPhone),,60.00000000000001
STARTUP,Optic,,80.0
STARTUP,Medinas Health,,45.0
STARTUP,"AskMyClass, now Soundkins",,45.0
STARTUP,Spero Foods,,40.0
STARTUP,Rebellyous Foods,,32.0625
STARTUP,The Good Food Institute,,36.0
STARTUP,Hepatx,,40.0
STARTUP,Radix Labs,,36.0
STARTUP,Clear Gene,,40.0
STARTUP,Paladin,,46.15384615384615
STARTUP,Meru Health,,38.0
STARTUP,Vimcal,,45.0
STARTUP,Grabb-It,,28.57142857142857
STARTUP,Embeddables,,31.57894736842105
STARTUP,64x Bio,,15.384615384615385
STARTUP,Anima App,,40.0
STARTUP,Pocket Worlds,,32.727272727272734
STARTUP,Tall Poppy,,38.0
STARTUP,Ixora,,36.36363636363637
STARTUP,LabelFlow,,22.5
STARTUP,Easol,,36.36363636363637
STARTUP,OneGraph,,42.85714285714286
STARTUP,Avo,,45.0
STARTUP,Scanwell Health,,41.53846153846154
STARTUP,Corvus Robotics,,42.35294117647059
STARTUP,Berbix,,33.333333333333336
STARTUP,The Buttermilk Company,,45.0
STARTUP,Duffel,,28.57142857142857
STARTUP,Impactive (formerly Outvote),,45.0
STARTUP,CSPA,,45.0
STARTUP,Regology,,23.529411764705888
STARTUP,Quickchat AI,,45.0
STARTUP,Purple Plate,,38.0
STARTUP,UBITS,,25.71428571428571
STARTUP,Ajaib,,36.36363636363637
STARTUP,"DreamCraft Entertainment, Inc.",,45.0
STARTUP,Rain Neuromorphics,,51.85185185185186
STARTUP,CB Therapeutics,,50.0
STARTUP,Pine Park Health,,49.090909090909086
STARTUP,HappiLabs,,33.333333333333336
STARTUP,Mytos,,36.0
STARTUP,BlueCargo,,33.333333333333336
STARTUP,Alpha Vantage,,32.727272727272734
STARTUP,BHRD,,45.0
STARTUP,FameGame,,28.57142857142857
STARTUP,hypcloud,,35.29411764705882
STARTUP,HeyDoctor,,33.333333333333336
STARTUP,MentalHappy,,49.090909090909086
STARTUP,Papa,,45.0
STARTUP,Canary Technologies,,42.85714285714286
STARTUP,Coral Genomics,,48.0
STARTUP,The Supplant Company,,50.0
STARTUP,Prodigal,,35.29411764705882
STARTUP,Calii,,36.36363636363637
STARTUP,TENDERD,,40.0
STARTUP,Names & Faces,,45.0
STARTUP,Fintual,,30.76923076923077
STARTUP,Momentus,,42.85714285714286
STARTUP,Bot MD,,28.57142857142857
STARTUP,ZiffyHomes,,36.0
STARTUP,Nestor,,49.090909090909086
STARTUP,Shelf Engine,,51.300000000000004
STARTUP,Nova,,51.42857142857142
STARTUP,Eden,,60.00000000000001
STARTUP,SkydropX,,35.29411764705882
STARTUP,Four Growers,,32.727272727272734
STARTUP,BrainHi,,50.0
STARTUP,Khatabook,,33.333333333333336
STARTUP,Goodly,,17.999999999999996
STARTUP,Kobo360,,15.384615384615385
STARTUP,Helicarrier (prev Buycoins),,38.57142857142858
STARTUP,Cowrywise,,30.000000000000004
STARTUP,Grin,,51.42857142857142
STARTUP,Mutiny,,42.85714285714286
STARTUP,Synkrino Biotherapeutics,,45.0
STARTUP,dNovo,,36.0
STARTUP,Leena AI,,57.14285714285714
STARTUP,AnnieCannons,,40.0
STARTUP,JuziBot,,15.384615384615385
STARTUP,"Mark Cuban Cost Plus Drug Company, PBC",,46.63636363636363
STARTUP,Perception Biosystems,,48.857142857142854
STARTUP,Oxygen,,50.0
STARTUP,SPATE,,45.0
STARTUP,Enveritas,,45.0
STARTUP,LemonBox,,37.5
STARTUP,iLabService,,40.0
STARTUP,Dorian Therapeutics,,60.00000000000001
STARTUP,Rejuvenation Technologies Inc.,,60.00000000000001
STARTUP,Circumvent,,40.0
STARTUP,Culdesac,,28.57142857142857
STARTUP,Gerostate Alpha,,40.0
STARTUP,OkCredit,,42.85714285714286
STARTUP,Kinside,,40.0
STARTUP,Aesthetic,,55.55555555555556
STARTUP,Kunduz,,28.57142857142857
STARTUP,Wave,,36.0
STARTUP,Overview,,42.85714285714286
STARTUP,Taobotics,,44.44444444444444
STARTUP,Fuzzbuzz,,0.0
STARTUP,Trexo Robotics,,43.47826086956522
STARTUP,Allo,,36.0
STARTUP,Flockjay,,28.57142857142857
STARTUP,Intelline,,35.29411764705882
STARTUP,Parker,,33.333333333333336
STARTUP,Canopy (was Encarte),,57.0
STARTUP,ZeroStorefront,,40.0
STARTUP,Pippin / Rent the Backyard,,45.0
STARTUP,Brick Health,,32.727272727272734
STARTUP,Geosite,,30.76923076923077
STARTUP,The Juggernaut,,45.0
STARTUP,Volk Wireless,,30.000000000000004
STARTUP,Positive,,28.57142857142857
STARTUP,AllSome Fulfillment,,40.0
STARTUP,Pachama,,30.76923076923077
STARTUP,Insight,,30.76923076923077
STARTUP,InterPrime,,52.63157894736843
STARTUP,Vectordash,,30.000000000000004
STARTUP,Keeper,,42.85714285714286
STARTUP,Kopa,,60.00000000000001
STARTUP,Pengram,,61.53846153846154
STARTUP,Kalshi,,40.0
STARTUP,Bottomless,,30.000000000000004
STARTUP,Ultralight,,31.57894736842105
STARTUP,Fit to Form,,28.500000000000004
STARTUP,Centaur,,46.15384615384615
STARTUP,SpaceRyde,,40.0
STARTUP,Comradery,,32.727272727272734
STARTUP,DevFlight,,35.29411764705882
STARTUP,Spire Law,,40.0
STARTUP,Green Energy Exchange,,46.63636363636363
STARTUP,Sunsama,,30.76923076923077
STARTUP,Sorting Robotics,,42.75
STARTUP,Dyneti Technologies,,40.0
STARTUP,SciTok,,30.000000000000004
STARTUP,Chaser,,32.727272727272734
STARTUP,Preflight,,45.0
STARTUP,Windsor,,40.0
STARTUP,Ascen,,51.42857142857142
STARTUP,Nebullam (DBA Clayton Farms),,45.0
STARTUP,Postscript,,31.57894736842105
STARTUP,Portal Entryways,,42.75
STARTUP,Convex,,33.333333333333336
STARTUP,FLOWER CO.,,34.2
STARTUP,Hatch,,60.00000000000001
STARTUP,BrainKey,,28.57142857142857
STARTUP,MedCrypt,,25.0
STARTUP,Avalanche,,33.333333333333336
STARTUP,LEAH Labs,,40.0
STARTUP,Herald,,33.333333333333336
STARTUP,Middesk,,40.0
STARTUP,GoLinks,,30.76923076923077
STARTUP,Coursedog,,30.000000000000004
STARTUP,Tailornova/Couturme,,45.0
STARTUP,Hutsy,,22.5
STARTUP,Thrive Agric,,47.61904761904761
STARTUP,Adventurous Co,,52.17391304347826
STARTUP,Community Phone Company,,45.0
STARTUP,Basilica,,35.29411764705882
STARTUP,WeatherCheck,,47.61904761904761
STARTUP,Sapling.ai,,50.0
STARTUP,Nabis,,54.54545454545454
STARTUP,Forage,,33.333333333333336
STARTUP,Avo,,45.0
STARTUP,Simmer,,22.5
STARTUP,Demodesk,,50.0
STARTUP,AI Insurance,,45.0
STARTUP,Swadesh,,26.66666666666667
STARTUP,Visly,,25.71428571428571
STARTUP,Switchboard,,36.0
STARTUP,ResistanceBio,,36.0
STARTUP,Atomic Alchemy,,60.00000000000001
STARTUP,Evo.Do,,31.666666666666668
STARTUP,Docbot,,36.0
STARTUP,Docucharm,,30.000000000000004
STARTUP,Bensen,,42.85714285714286
STARTUP,Elph,,45.0
STARTUP,Okteto,,33.333333333333336
STARTUP,PerShop,,37.5
STARTUP,Askdata,,25.0
STARTUP,Ashby,,40.0
STARTUP,Probably Genetic,,51.42857142857142
STARTUP,Supernova,,53.333333333333336
STARTUP,Doorport,,28.57142857142857
STARTUP,Termius,,40.0
STARTUP,Superorder,,36.0
STARTUP,Maitian.ai,,54.0
STARTUP,Bunkerhill Health,,41.53846153846154
STARTUP,Handle,,45.0
STARTUP,BlitzIQ,,25.0
STARTUP,Excepgen,,50.0
STARTUP,AuroraQ,,37.5
STARTUP,Mobot,,22.5
STARTUP,Intact Therapeutics,,50.0
STARTUP,Landed,,45.0
STARTUP,Autodial prev Qwest,,48.0
STARTUP,Pyxai,,54.54545454545454
STARTUP,Deel,,77.14285714285715
STARTUP,Axel Travel,,30.000000000000004
STARTUP,PNOĒ,,60.00000000000001
STARTUP,Cherry,,32.727272727272734
STARTUP,Doppler,,46.15384615384615
STARTUP,Ravn,,60.00000000000001
STARTUP,CareerTu,,25.0
STARTUP,Fuse,,30.000000000000004
STARTUP,Caribou,,37.5
STARTUP,Wren,,45.0
STARTUP,Instapath Inc.,,36.0
STARTUP,Cocoon,,36.0
STARTUP,DailyDoctor,,40.0
STARTUP,Aura Vision,,45.0
STARTUP,Wanderlog,,44.44444444444444
STARTUP,Valo,,36.0
STARTUP,JetPack Aviation,,45.0
STARTUP,"Volta Labs, Inc.",,34.2
STARTUP,Reelables,,32.727272727272734
STARTUP,Heart Aerospace,,50.294117647058826
STARTUP,Hypnos,,33.333333333333336
STARTUP,Superb AI,,53.333333333333336
STARTUP,Traverse Technologies,,34.2
STARTUP,Dagger,,32.727272727272734
STARTUP,Our World in Data,,45.0
STARTUP,Upsolve,,30.76923076923077
STARTUP,Maple Materials,,45.0
STARTUP,Alpaca,,40.0
STARTUP,XGenomes,,28.57142857142857
STARTUP,Dover,,51.42857142857142
STARTUP,AmpUp,,30.000000000000004
STARTUP,Capture,,37.5
STARTUP,Endpoint Health,,49.090909090909086
STARTUP,Skill-lync,,28.5
STARTUP,Mudrex,,28.57142857142857
STARTUP,NALA,,51.42857142857142
STARTUP,Nowports,,35.29411764705882
STARTUP,Seawise Capital,,49.090909090909086
STARTUP,Slapdash,,28.57142857142857
STARTUP,Zippi,,45.0
STARTUP,Shiok Meats,,45.0
STARTUP,AccioJob,,28.57142857142857
STARTUP,Beacons,,30.76923076923077
STARTUP,Kovi,,45.0
STARTUP,Edyst,,30.76923076923077
STARTUP,Keynua,,50.0
STARTUP,Exly,,30.000000000000004
STARTUP,CredPal,,30.76923076923077
STARTUP,Spring in Africa,,48.857142857142854
STARTUP,Bentocart,,45.0
STARTUP,Emi Labs,,37.5
STARTUP,54Gene,,33.333333333333336
STARTUP,Lezzoo,,17.999999999999996
STARTUP,Glide,,51.42857142857142
STARTUP,Cityfurnish,,36.0
STARTUP,Datamode,,37.5
STARTUP,Pulse Active Stations Network,,45.0
STARTUP,AXDRAFT,,25.0
STARTUP,Pronto,,45.0
STARTUP,Cuanto,,60.00000000000001
STARTUP,Rune,,30.000000000000004
STARTUP,Frubana Inc,,30.76923076923077
STARTUP,Sublime Black,,30.000000000000004
STARTUP,Dockup,,36.0
STARTUP,Mars Auto,,33.333333333333336
STARTUP,Allure Systems,,33.75
STARTUP,VotingWorks,,36.0
STARTUP,Globe,,36.36363636363637
STARTUP,Inito,,54.0
STARTUP,WorkClout,,22.5
STARTUP,Latchel,,37.5
STARTUP,Tailor-ED,,42.75
STARTUP,Verto,,36.0
STARTUP,FIRST,,25.71428571428571
STARTUP,Cosmic,,54.0
STARTUP,Pools (fka Withfriends),,50.0
STARTUP,Truora,,45.0
STARTUP,"OutRival, Inc.",,35.29411764705882
STARTUP,Basement,,37.5
STARTUP,1910,,0.0
STARTUP,Prometheus,,32.727272727272734
STARTUP,Numero,,45.0
STARTUP,rct AI,,42.75
STARTUP,Atlas,,45.0
STARTUP,NaturAll Club,,45.0
STARTUP,Accept.inc (formerly BoardRE),,33.75
STARTUP,Taali Inc,,36.36363636363637
STARTUP,YourChoice Therapeutics,,48.857142857142854
STARTUP,Memfault,,28.57142857142857
STARTUP,Eclipse Foods,,36.0
STARTUP,Mage,,36.0
STARTUP,Catch,,60.00000000000001
STARTUP,Buy Me a Coffee,,39.46153846153846
STARTUP,Balto,,45.0
STARTUP,Shipper,,30.76923076923077
STARTUP,Schoolable,,30.000000000000004
STARTUP,Union Apartment,,45.0
STARTUP,ZeroDown,,28.57142857142857
STARTUP,Shef,,30.000000000000004
STARTUP,Spiral Genetics,,48.0
STARTUP,Together Software,,40.0
STARTUP,Vizy,,36.0
STARTUP,Path,,67.5
STARTUP,Prenda,,66.66666666666667
STARTUP,Safely Finance,,41.53846153846154
STARTUP,Bun,,36.0
STARTUP,Vouch,,40.0
STARTUP,Playground,,40.0
STARTUP,PopSQL,,36.0
STARTUP,Dex,,72.0
STARTUP,MoFE,,51.42857142857142
STARTUP,matagora,,35.29411764705882
STARTUP,Cuboh,,30.000000000000004
STARTUP,Shiru,,36.0
STARTUP,Apero Health,,45.0
STARTUP,Lofty,,22.5
STARTUP,Courier,,30.76923076923077
STARTUP,Figments,,28.57142857142857
STARTUP,Hey Healthcare,,42.75
STARTUP,ReverCare,,30.000000000000004
STARTUP,Palifer,,46.15384615384615
STARTUP,Souffle Club,,30.000000000000004
STARTUP,Method Financial,,45.0
STARTUP,Gamebytes,,23.529411764705888
STARTUP,BuildStream,,40.0
STARTUP,Pillar,,40.0
STARTUP,Symplex,,30.76923076923077
STARTUP,Kraftful,,23.529411764705888
STARTUP,Well Principled,,45.0
STARTUP,Legacy,,33.333333333333336
STARTUP,Mighty Health,,38.0
STARTUP,Shift Health,,38.0
STARTUP,Juno College of Technology,,36.0
STARTUP,Odeko,,51.42857142857142
STARTUP,Prompt,,49.090909090909086
STARTUP,Preclusio,,40.0
STARTUP,Short Story,,30.000000000000004
STARTUP,Bayes,,30.000000000000004
STARTUP,Jupiter,,30.76923076923077
STARTUP,Zeal,,45.0
STARTUP,Hype and Vice,,51.81818181818182
STARTUP,Encepheal Therapeutics,,50.0
STARTUP,Voyage Biomedical,,45.0
STARTUP,Genecis Bio,,45.0
STARTUP,Pair Team,,60.00000000000001
STARTUP,Muddy,,40.0
STARTUP,Intersect Labs,,42.35294117647059
STARTUP,Ever Loved,,36.0
STARTUP,Actiondesk,,36.0
STARTUP,Lucid Bots,,22.22222222222222
STARTUP,Narrator,,35.29411764705882
STARTUP,Sable,,30.000000000000004
STARTUP,Obie,,51.42857142857142
STARTUP,TRM Labs,,33.529411764705884
STARTUP,Soteris,,46.15384615384615
STARTUP,Lantern,,50.0
STARTUP,AudioFocus,,36.0
STARTUP,Prolific,,47.05882352941176
STARTUP,Dashblock,,44.44444444444444
STARTUP,GEn1E Lifesciences,,40.0
STARTUP,LunaSec,,30.76923076923077
STARTUP,Embrace,,30.76923076923077
STARTUP,Mindset Health,,60.00000000000001
STARTUP,Kitekraft,,30.000000000000004
STARTUP,Yummy Future,,25.71428571428571
STARTUP,Lumineye,,37.5
STARTUP,Revel,,45.0
STARTUP,UpEquity,,42.85714285714286
STARTUP,Localyze,,28.57142857142857
STARTUP,TaxProper,,54.0
STARTUP,FeaturePeek,,40.0
STARTUP,Nonu,,45.0
STARTUP,Tandem,,45.0
STARTUP,Fynn,,30.000000000000004
STARTUP,ZETA SURGICAL,,38.0
STARTUP,OpenReplay,,72.0
STARTUP,Milo,,45.0
STARTUP,Banner,,49.090909090909086
STARTUP,KubeSail,,42.85714285714286
STARTUP,Green Canopy NODE,,48.857142857142854
STARTUP,Canix,,51.42857142857142
STARTUP,Outtalent,,40.0
STARTUP,Brave Care,,30.000000000000004
STARTUP,Downtobid,,44.44444444444444
STARTUP,Rainbow,,37.5
STARTUP,Flo,,45.0
STARTUP,Lightwell,,22.5
STARTUP,Million Marker,,45.0
STARTUP,Bouncer,,30.76923076923077
STARTUP,Compound,,42.85714285714286
STARTUP,Adla,,36.0
STARTUP,Zergo,,36.0
STARTUP,Blair,,36.36363636363637
STARTUP,Hatchways,,33.333333333333336
STARTUP,Rosebud AI,,50.0
STARTUP,Rutter,,32.727272727272734
STARTUP,DirectShifts,,36.0
STARTUP,Arpeggio Bio,,45.0
STARTUP,Kern Systems,,36.0
STARTUP,PlayAbly,,28.57142857142857
STARTUP,spotLESS Materials,,45.6
STARTUP,Data Mechanics,,51.42857142857142
STARTUP,Microverse,,30.000000000000004
STARTUP,Wasmer,,32.727272727272734
STARTUP,Flow,,36.0
STARTUP,EARTH AI,,47.05882352941176
STARTUP,CoLab,,36.36363636363637
STARTUP,LineLeap,,37.5
STARTUP,Gaiascope,,60.00000000000001
STARTUP,Wingman,,30.76923076923077
STARTUP,Binks,,45.0
STARTUP,Lokal,,36.36363636363637
STARTUP,Chaos Genius,,49.090909090909086
STARTUP,DocVita,,30.76923076923077
STARTUP,HelpNow,,40.0
STARTUP,Proof Trading,,45.0
STARTUP,MyPetrolPump,,38.095238095238095
STARTUP,Boost Biomes,,36.0
STARTUP,Tensil,,50.0
STARTUP,Vahan,,51.42857142857142
STARTUP,Digi-Prex,,36.0
STARTUP,Khabri,,45.0
STARTUP,Namaste Business,,45.0
STARTUP,Finlens,,30.76923076923077
STARTUP,Loop Health,,60.00000000000001
STARTUP,FamPay,,33.333333333333336
STARTUP,Ramen VR,,35.29411764705882
STARTUP,Demand Curve,,64.28571428571429
STARTUP,Spice Data,,50.00000000000001
STARTUP,Hightouch,,33.333333333333336
STARTUP,Midnox,,42.85714285714286
STARTUP,Gotrade,,30.76923076923077
STARTUP,Eden Farm,,45.0
STARTUP,Facio,,36.36363636363637
STARTUP,PredictLeads,,49.090909090909086
STARTUP,stoic.,,60.00000000000001
STARTUP,Flux,,0.0
STARTUP,Multis,,30.000000000000004
STARTUP,Trella,,33.333333333333336
STARTUP,Recidiviz,,36.0
STARTUP,Holy Grail,,40.0
STARTUP,Tranqui Finanzas,,38.0
STARTUP,Heru,,45.0
STARTUP,InEvent,,40.0
STARTUP,PayMongo,,37.5
STARTUP,Alana,,51.42857142857142
STARTUP,Freshpaint,,49.090909090909086
STARTUP,Traces,,40.0
STARTUP,Mudafy,,28.57142857142857
STARTUP,zeroheight,,45.0
STARTUP,Mipos.dev,,44.70588235294118
STARTUP,Curri,,36.0
STARTUP,Flowbot,,15.384615384615385
STARTUP,Valiu,,36.36363636363637
STARTUP,Vitau,,30.000000000000004
STARTUP,treble.ai,,54.0
STARTUP,Coco Wallet,,30.000000000000004
STARTUP,Aspect,,40.0
STARTUP,Deepnote,,62.5
STARTUP,Asher Bio,,44.44444444444444
STARTUP,Meridian Industries,,46.63636363636363
STARTUP,Taskade,,26.66666666666667
STARTUP,Blockstamp,,30.000000000000004
STARTUP,Vorticity,,33.333333333333336
STARTUP,Covela,,50.0
STARTUP,Motion,,42.85714285714286
STARTUP,LAIKA,,36.36363636363637
STARTUP,GitStart,,23.529411764705888
STARTUP,EPIC AEROSPACE,,50.294117647058826
STARTUP,Vendr,,51.42857142857142
STARTUP,Unflow,,30.000000000000004
STARTUP,Apurata,,30.76923076923077
STARTUP,Breadfast,,36.0
STARTUP,Odin,,51.42857142857142
STARTUP,Sequence Bio,,38.57142857142858
STARTUP,Karat Financial,,45.0
STARTUP,Flowglad,,28.57142857142857
STARTUP,Kaiten,,45.0
STARTUP,Zaraz,,36.0
STARTUP,Datree,,49.090909090909086
STARTUP,Accord,,32.727272727272734
STARTUP,Hideout,,26.66666666666667
STARTUP,Paragon,,37.5
STARTUP,Breezeful,,23.529411764705888
STARTUP,Laguna,,45.0
STARTUP,Phonic,,60.00000000000001
STARTUP,Okay,,40.0
STARTUP,Nugget,,40.0
STARTUP,Volumetric,,42.10526315789473
STARTUP,Abalone Bio,,45.0
STARTUP,Alude,,51.42857142857142
STARTUP,StratumAI,,45.0
STARTUP,Teleo,,45.0
STARTUP,Lilia,,30.000000000000004
STARTUP,RoboTire,,35.29411764705882
STARTUP,Polytomic,,44.44444444444444
STARTUP,Unfaze AI,,54.0
STARTUP,Ladder,,32.727272727272734
STARTUP,Porter,,33.333333333333336
STARTUP,Hoss,,45.0
STARTUP,Enveloop,,37.5
STARTUP,Pulley,,33.333333333333336
STARTUP,MindsDB,,53.333333333333336
STARTUP,Ophelia,,61.53846153846154
STARTUP,FitnessAI,,49.090909090909086
STARTUP,Segmed,,42.85714285714286
STARTUP,Explo,,40.0
STARTUP,Paneau,,50.0
STARTUP,Letterdrop,,45.0
STARTUP,Factored Quality,,38.57142857142858
STARTUP,Carbon-12 Labs,,42.75
STARTUP,Quickcard,,23.529411764705888
STARTUP,yearend,,53.333333333333336
STARTUP,Taiv,,60.00000000000001
STARTUP,Flowdash,,28.57142857142857
STARTUP,Pantheon,,58.82352941176471
STARTUP,Orbiter,,30.76923076923077
STARTUP,Glisten AI,,65.45454545454547
STARTUP,Ardis AI,,35.29411764705882
STARTUP,OpenUnit,,71.42857142857143
STARTUP,Tough Commerce,,34.78260869565217
STARTUP,Jamiphy,,30.76923076923077
STARTUP,Perceptive Technologies,,45.0
STARTUP,Ditto,,36.0
STARTUP,Deep Meditate,,67.5
STARTUP,Handoff,,37.5
STARTUP,Nextmv,,40.0
STARTUP,H1,,45.0
STARTUP,"Exosonic, Inc.",,42.85714285714286
STARTUP,Aden,,60.00000000000001
STARTUP,Datasaur,,35.29411764705882
STARTUP,Dashworks,,33.333333333333336
STARTUP,Eternal,,46.15384615384615
STARTUP,Replicate,,44.44444444444444
STARTUP,Cadence,,40.0
STARTUP,Haven,,51.42857142857142
STARTUP,Basedash,,28.57142857142857
STARTUP,SINAI,,54.54545454545454
STARTUP,Glimpse,,30.76923076923077
STARTUP,Weav,,45.0
STARTUP,Protobase,,32.727272727272734
STARTUP,Openbase,,71.42857142857143
STARTUP,Terusama,,28.57142857142857
STARTUP,Clayboard,,36.0
STARTUP,Fig,,45.0
STARTUP,Edlyft,,28.57142857142857
STARTUP,Peg (formerly Paymobil),,45.0
STARTUP,Homestead,,40.0
STARTUP,Farcast,,37.5
STARTUP,Infield,,40.0
STARTUP,Eze,,60.00000000000001
STARTUP,Benepass,,42.85714285714286
STARTUP,The Mercer Club,,42.35294117647059
STARTUP,StartPlaying.Games,,45.0
STARTUP,Racer,,36.0
STARTUP,Grain,,51.42857142857142
STARTUP,Fly.io,,22.5
STARTUP,TrueNorth,,33.333333333333336
STARTUP,Visual One,,42.75
STARTUP,Felix Biotechnology,,45.0
STARTUP,Signadot,,37.5
STARTUP,Operator.io,,65.45454545454547
STARTUP,Zaam,,36.0
STARTUP,Talyn Air,,49.090909090909086
STARTUP,Riya Collective,,36.0
STARTUP,Blok,,36.0
STARTUP,Duffl,,30.000000000000004
STARTUP,Logarithm Labs,,45.0
STARTUP,Global Belly,,34.2
STARTUP,Tienda Crypto,,51.300000000000004
STARTUP,Whatnot,,37.5
STARTUP,Scout,,30.000000000000004
STARTUP,Metaplane,,36.0
STARTUP,Plura (formerly Bloom Community),,45.0
STARTUP,Pashi,,54.54545454545454
STARTUP,Medicare Vox (fka Fair Square),,38.0
STARTUP,General Proximity,,45.0
STARTUP,Altay Therapeutics,,51.85185185185186
STARTUP,Turing Labs Inc.,,38.0
STARTUP,Dropprint Genomics,,48.0
STARTUP,Simple Strips,,31.57894736842105
STARTUP,Multiverse,,25.71428571428571
STARTUP,Ello,,36.0
STARTUP,Welcome,,30.76923076923077
STARTUP,Salesform,,23.529411764705888
STARTUP,QueryPie AI,,60.00000000000001
STARTUP,Cortex,,33.333333333333336
STARTUP,Release,,30.76923076923077
STARTUP,Response,,37.5
STARTUP,Savvy,,30.000000000000004
STARTUP,Typedream,,45.0
STARTUP,BuildBuddy,,22.22222222222222
STARTUP,Vori,,45.0
STARTUP,Mini Exhibitions,,49.090909090909086
STARTUP,Quill,,25.71428571428571
STARTUP,Kinter,,49.090909090909086
STARTUP,Dropbase,,42.85714285714286
STARTUP,Candid Health,,38.57142857142858
STARTUP,Nimbus,,33.333333333333336
STARTUP,ToDesktop,,45.0
STARTUP,Revenir,,46.15384615384615
STARTUP,Trident Bioscience,,45.0
STARTUP,Photoroom,,33.333333333333336
STARTUP,Modernbanc,,50.0
STARTUP,onetool,,37.5
STARTUP,Riot,,45.0
STARTUP,PostHog,,37.5
STARTUP,Cron,,45.0
STARTUP,AIOS,,60.00000000000001
STARTUP,Jitter,,32.727272727272734
STARTUP,Laserfocus,,42.10526315789473
STARTUP,Junction,,35.29411764705882
STARTUP,Skypher,,30.76923076923077
STARTUP,Snapboard,,40.0
STARTUP,Recurrency,,36.0
STARTUP,PostEra,,46.15384615384615
STARTUP,Upflow,,20.0
STARTUP,DeepSource,,44.44444444444444
STARTUP,Kosh,,36.0
STARTUP,goDutch,,25.0
STARTUP,twoplus fertility,,41.53846153846154
STARTUP,Able,,36.0
STARTUP,Pay Swifter,,45.0
STARTUP,StayQrious,,31.57894736842105
STARTUP,Chutney Inc,,15.384615384615385
STARTUP,UrbanKisaan,,30.000000000000004
STARTUP,farmtheory,,42.10526315789473
STARTUP,PillarPlus,,45.0
STARTUP,SprintAI,,57.14285714285714
STARTUP,TagMango,,35.29411764705882
STARTUP,Morphle Labs,,45.0
STARTUP,Zeo Route Planner,,38.57142857142858
STARTUP,Hiration,,35.29411764705882
STARTUP,yBANQ,,51.42857142857142
STARTUP,Thunderpod,,44.44444444444444
STARTUP,Bikry,,25.71428571428571
STARTUP,EduRev,,28.57142857142857
STARTUP,Spenny,,50.0
STARTUP,HireSweet,,23.529411764705888
STARTUP,Zumo Labs,,30.000000000000004
STARTUP,Synapsica Healthcare,,45.6
STARTUP,Pahamify,,42.85714285714286
STARTUP,Easyplan,,37.5
STARTUP,adyn,,60.00000000000001
STARTUP,Raycast,,25.0
STARTUP,Angle Health,,38.095238095238095
STARTUP,Breathe Well-being,,45.0
STARTUP,OpenBiome,,75.00000000000001
STARTUP,Overfit,,46.15384615384615
STARTUP,Isabl,,30.000000000000004
STARTUP,Nexu,,30.000000000000004
STARTUP,Oda,,45.0
STARTUP,Viya,,36.0
STARTUP,delt.ai,,46.15384615384615
STARTUP,Daedalus,,37.5
STARTUP,Avion,,51.42857142857142
STARTUP,SOMATIC,,50.0
STARTUP,Orchata,,30.76923076923077
STARTUP,Thndr,,54.0
STARTUP,Swipe Technologies,,33.75
STARTUP,ElectroNeek,,32.727272727272734
STARTUP,Hent,,51.42857142857142
STARTUP,Bamboo,,30.000000000000004
STARTUP,Valienta,,42.85714285714286
STARTUP,FUTURA,,32.727272727272734
STARTUP,Tajir,,36.36363636363637
STARTUP,Fondeadora,,45.0
STARTUP,Apartio,,46.15384615384615
STARTUP,Linkana,,30.76923076923077
STARTUP,BeGo,,36.0
STARTUP,Termii,,45.0
STARTUP,STARK BANK,,40.0
STARTUP,Sayana,,45.0
STARTUP,Zynq,,30.000000000000004
STARTUP,Checkars,,28.57142857142857
STARTUP,Handl,,51.42857142857142
STARTUP,Ramani,,45.0
STARTUP,Nomic Bio,,44.44444444444444
STARTUP,CrowdForce,,36.0
STARTUP,GuruHotel,,36.0
STARTUP,GiveAway,,28.57142857142857
STARTUP,Sakneen,,40.0
STARTUP,Stable,,25.71428571428571
STARTUP,Healthlane,,40.0
STARTUP,Recall.ai,,45.0
STARTUP,borong,,33.333333333333336
STARTUP,Atmo,,51.42857142857142
STARTUP,99minutos,,35.29411764705882
STARTUP,SEND,,60.00000000000001
STARTUP,PowerX,,33.333333333333336
STARTUP,Living Carbon,,45.0
STARTUP,Syncro,,45.0
STARTUP,Tambua Health,,38.0
STARTUP,Airbyte,,30.76923076923077
STARTUP,Workpay,,46.15384615384615
STARTUP,Prelay,,50.0
STARTUP,Humanly,,26.66666666666667
STARTUP,Gas Pos,,25.0
STARTUP,Tasker AI,,49.090909090909086
STARTUP,Equator Therapeutics,,48.275862068965516
STARTUP,Belvo,,25.71428571428571
STARTUP,Menten AI,,65.45454545454547
STARTUP,Legionfarm,,45.0
STARTUP,Jenfi,,54.54545454545454
STARTUP,Yassir,,33.333333333333336
STARTUP,Ansa Biotechnologies,,45.0
STARTUP,Ochre Bio,,40.0
STARTUP,Jet Admin,,47.05882352941176
STARTUP,CARUPI,,53.333333333333336
STARTUP,Algen Biotechnologies,,45.0
STARTUP,Reploy,,32.727272727272734
STARTUP,Altro,,57.14285714285714
STARTUP,Ukama,,30.000000000000004
STARTUP,Jemi,,67.5
STARTUP,Jitsu,,25.71428571428571
STARTUP,Zip,,45.0
STARTUP,Increase,,28.57142857142857
STARTUP,Metamanagement,,41.53846153846154
STARTUP,LSK Technologies,,32.727272727272734
STARTUP,Luminai,,46.15384615384615
STARTUP,Command AI,,50.0
STARTUP,Jeeves,,28.57142857142857
STARTUP,Roboflow,,23.529411764705888
STARTUP,SuperTokens,,49.090909090909086
STARTUP,Bandit ML,,33.333333333333336
STARTUP,inFeedo AI,,54.0
STARTUP,Depict,,60.00000000000001
STARTUP,Datafold,,35.29411764705882
STARTUP,Lightdash,,23.529411764705888
STARTUP,Blue Onion,,49.090909090909086
STARTUP,Momence,,46.15384615384615
STARTUP,"Zitara Technologies, Inc.",,40.0
STARTUP,Gather,,65.45454545454547
STARTUP,Dripos,,32.727272727272734
STARTUP,AtoB,,51.42857142857142
STARTUP,RingMD,,42.85714285714286
STARTUP,Finmark,,30.76923076923077
STARTUP,Shuttle,,15.384615384615385
STARTUP,QuestDB,,26.66666666666667
STARTUP,Conta Simples,,49.090909090909086
STARTUP,Seam,,45.0
STARTUP,Rume,,30.000000000000004
STARTUP,Bento,,54.0
STARTUP,RTCanary,,35.29411764705882
STARTUP,Hypermile,,45.0
STARTUP,Safepay,,30.76923076923077
STARTUP,Nototo,,45.0
STARTUP,Queue,,45.0
STARTUP,Jeevam Health,,39.46153846153846
STARTUP,VenoStent,,45.0
STARTUP,Volopay,,46.15384615384615
STARTUP,Strive School,,36.36363636363637
STARTUP,Explorex,,28.57142857142857
STARTUP,Novel,,36.36363636363637
STARTUP,Pave,,51.42857142857142
STARTUP,Current Foods,,33.75
STARTUP,PowerUs,,30.76923076923077
STARTUP,Duckly,,25.71428571428571
STARTUP,Known Medicine,,38.57142857142858
STARTUP,Atomized,,47.05882352941176
STARTUP,Charityvest,,32.727272727272734
STARTUP,Hypotenuse AI,,54.0
STARTUP,Monosi,,50.0
STARTUP,Synapticure,,45.0
STARTUP,Dialect,,26.66666666666667
STARTUP,BukuWarung,,22.5
STARTUP,Farmako Healthcare,,45.0
STARTUP,Kernal Biologics,,49.090909090909086
STARTUP,CoreCare,,42.85714285714286
STARTUP,Speedscale,,40.0
STARTUP,Swif.ai,,30.76923076923077
STARTUP,Humanloop,,45.0
STARTUP,Foreword,,28.57142857142857
STARTUP,TANGObuilder,,38.095238095238095
STARTUP,Arist,,45.0
STARTUP,Cradle,,28.57142857142857
STARTUP,ClearMix,,42.85714285714286
STARTUP,Omni,,60.0
STARTUP,Workbase,,28.57142857142857
STARTUP,Blissway,,14.28571428571429
STARTUP,doola,,36.36363636363637
STARTUP,webapp.io,,42.75
STARTUP,Seal,,45.0
STARTUP,Bits,,36.0
STARTUP,Atomic,,66.66666666666667
STARTUP,MarketForce,,40.0
STARTUP,Vectrix,,37.5
STARTUP,Osmind,,57.14285714285714
STARTUP,Biocogniv,,49.090909090909086
STARTUP,Daybreak Health,,41.53846153846154
STARTUP,Mesh,,30.000000000000004
STARTUP,Yotta,,36.36363636363637
STARTUP,buildspace,,36.0
STARTUP,KeyDB,,30.76923076923077
STARTUP,Tappity,,37.5
STARTUP,Stacker,,25.0
STARTUP,Hellometer,,30.000000000000004
STARTUP,Justo,,36.0
STARTUP,Nextera Robotics | DIDGE.ai,,54.0
STARTUP,Statiq.,,40.0
STARTUP,Oico,,67.5
STARTUP,Streamdal,,35.29411764705882
STARTUP,Vitable Health,,41.53846153846154
STARTUP,Balance,,37.5
STARTUP,Nabla Bio,,45.0
STARTUP,Hyper Online,,45.0
STARTUP,Plerk,,36.36363636363637
STARTUP,Clew,,36.0
STARTUP,WareIQ,,40.0
STARTUP,In Stock,,47.05882352941176
STARTUP,Tydo,,45.0
STARTUP,BIK,,45.0
STARTUP,Decentro,,50.0
STARTUP,Notabene,,42.85714285714286
STARTUP,Jam.gg (formerly Piepacker),,45.0
STARTUP,Aquarium Learning,,45.0
STARTUP,Mailwarm,,28.57142857142857
STARTUP,Memberstack,,30.000000000000004
STARTUP,Mozper,,50.0
STARTUP,Intelligent,,40.0
STARTUP,Memo,,45.0
STARTUP,Tella,,36.36363636363637
STARTUP,Sameplan,,37.5
STARTUP,Kingdom,,40.0
STARTUP,Liyfe,,25.71428571428571
STARTUP,Nephrogen,,54.0
STARTUP,Flint,,45.0
STARTUP,TyltGO,,30.000000000000004
STARTUP,Scrimba,,25.0
STARTUP,Virtually,,22.5
STARTUP,Skio,,36.0
STARTUP,OneKey,,33.333333333333336
STARTUP,Hotplate,,42.85714285714286
STARTUP,Farel,,36.0
STARTUP,Drapr,,40.0
STARTUP,Minimum,,40.0
STARTUP,Cohere,,33.333333333333336
STARTUP,PANADATA,,42.85714285714286
STARTUP,Dataland,,37.5
STARTUP,Akiflow,,30.76923076923077
STARTUP,Awtomic,,62.5
STARTUP,Formal,,33.333333333333336
STARTUP,Orange Health Labs,,40.0
STARTUP,Laylo,,30.000000000000004
STARTUP,HENRY,,36.36363636363637
STARTUP,Arketa,,40.0
STARTUP,CarbonChain,,60.00000000000001
STARTUP,Supabase,,28.57142857142857
STARTUP,SockSoho,,23.529411764705888
STARTUP,Together Video Chat,,40.0
STARTUP,Letter,,32.727272727272734
STARTUP,Ready,,36.36363636363637
STARTUP,Pardes Biosciences,,45.0
STARTUP,Taktile,,37.5
STARTUP,Mito,,45.0
STARTUP,Draftwise,,33.333333333333336
STARTUP,SafeBase,,28.57142857142857
STARTUP,Spenmo,,50.0
STARTUP,AI.Fashion,,45.0
STARTUP,Afriex,,40.0
STARTUP,Lendtable,,45.0
STARTUP,Here,,51.42857142857142
STARTUP,Lume,,30.000000000000004
STARTUP,"MedPiper Technologies, Inc",,41.53846153846154
STARTUP,MilkRun,,40.0
STARTUP,Vena Vitals,,60.00000000000001
STARTUP,inSoma Bio,,45.0
STARTUP,Mobius Materials,,45.6
STARTUP,Glimpse,,30.76923076923077
STARTUP,Fancy,,51.42857142857142
STARTUP,Nestybox,,35.29411764705882
STARTUP,"Warmly,",,32.727272727272734
STARTUP,Byte,,30.000000000000004
STARTUP,Rally,,30.000000000000004
STARTUP,Mozart Data,,36.0
STARTUP,Artifact,,47.05882352941176
STARTUP,Riogrande,,35.29411764705882
STARTUP,Nextstore,,40.0
STARTUP,Reflect,,26.66666666666667
STARTUP,Sonar,,54.54545454545454
STARTUP,Inspectify,,45.0
STARTUP,Clover,,33.333333333333336
STARTUP,Zuddl,,30.76923076923077
STARTUP,Parrot Software 🦜,,45.0
STARTUP,Parade,,33.333333333333336
STARTUP,Hellosaurus,,30.000000000000004
STARTUP,Finch,,51.42857142857142
STARTUP,Fieldguide,,33.333333333333336
STARTUP,Heron Data,,50.00000000000001
STARTUP,Hubla,,30.000000000000004
STARTUP,Clau,,36.0
STARTUP,Quell,,25.71428571428571
STARTUP,Todos Comemos,,34.2
STARTUP,Future Fields,,33.75
STARTUP,Rarebird,,37.5
STARTUP,Atmos,,45.0
STARTUP,SiPhox Health,,45.0
STARTUP,Verifiable,,36.0
STARTUP,Payflow,,30.76923076923077
STARTUP,CapWay,,33.333333333333336
STARTUP,Matter,,49.090909090909086
STARTUP,Gilgamesh Pharmaceuticals,,40.0
STARTUP,Brevy,,25.71428571428571
STARTUP,Degrees of Freedom,,41.53846153846154
STARTUP,Webiny,,42.85714285714286
STARTUP,Gonddo,,33.333333333333336
STARTUP,Lovd,,36.0
STARTUP,Gather,,65.45454545454547
STARTUP,Abacum,,26.66666666666667
STARTUP,Atrato,,60.00000000000001
STARTUP,Runway,,33.333333333333336
STARTUP,Neverland,,47.05882352941176
STARTUP,cloud humans,,33.75
STARTUP,Bristle,,25.0
STARTUP,Serna Bio,,53.333333333333336
STARTUP,Trestle Biotherapeutics,,45.0
STARTUP,The Third Place,,41.666666666666664
STARTUP,gaiia,,36.36363636363637
STARTUP,Atomic Industries,,60.00000000000001
STARTUP,Alba Orbital,,30.000000000000004
STARTUP,authzed,,37.5
STARTUP,Humaans,,26.66666666666667
STARTUP,Albedo,,30.000000000000004
STARTUP,Playmaker,,40.0
STARTUP,DreamWorld,,44.44444444444444
STARTUP,Howdy.com,,33.333333333333336
STARTUP,Lygg,,0.0
STARTUP,RocketSDR,,33.333333333333336
STARTUP,Quadrant Eye,,32.727272727272734
STARTUP,Taloflow,,23.529411764705888
STARTUP,MedMe Health,,38.0
STARTUP,SBX Robotics,,38.095238095238095
STARTUP,Waypoint,,37.5
STARTUP,Spokn,,36.36363636363637
STARTUP,Finley,,28.57142857142857
STARTUP,Hapi,,60.00000000000001
STARTUP,Stacksi,,30.76923076923077
STARTUP,PowerRouter,,36.0
STARTUP,SigNoz,,30.000000000000004
STARTUP,Pensil,,66.66666666666667
STARTUP,Gigs Live,,25.71428571428571
STARTUP,arnata,,60.00000000000001
STARTUP,Unfurl,,32.727272727272734
STARTUP,ModernLoop,,45.0
STARTUP,GroMo,,36.0
STARTUP,Pibit.ai,,42.85714285714286
STARTUP,Lion Pose,,40.0
STARTUP,Vogent,,50.0
STARTUP,Furmacy,,25.0
STARTUP,SlashAuth,,33.333333333333336
STARTUP,Observa,,46.15384615384615
STARTUP,Nourish,,37.5
STARTUP,Moichor,,37.5
STARTUP,Queenly,,40.0
STARTUP,"Gerald Technologies, Inc",,36.0
STARTUP,Bluelight,,30.000000000000004
STARTUP,Triplit,,50.0
STARTUP,JoinSub,,30.76923076923077
STARTUP,Curvenote,,40.0
STARTUP,Wyndly,,28.57142857142857
STARTUP,Flux Auto,,33.333333333333336
STARTUP,Krab,,36.0
STARTUP,CoVerified,,45.0
STARTUP,Clay,,36.0
STARTUP,GoBuild (fka Brick),,45.0
STARTUP,SpruceID,,42.85714285714286
STARTUP,Fountain9,,60.00000000000001
STARTUP,Tupelo,,33.333333333333336
STARTUP,Avocado,,37.5
STARTUP,BeWell Digital,,33.75
STARTUP,Weekday,,40.0
STARTUP,Smartcuts,,33.333333333333336
STARTUP,Zepto,,40.0
STARTUP,Pesto,,36.36363636363637
STARTUP,Laudspeaker,,45.0
STARTUP,Axiom.ai,,42.85714285714286
STARTUP,Segments.ai,,47.05882352941176
STARTUP,Encord,,42.85714285714286
STARTUP,CashBook,,35.29411764705882
STARTUP,PingPong,,37.5
STARTUP,Fractional,,54.0
STARTUP,ClipDrop,,35.29411764705882
STARTUP,Finary,,33.333333333333336
STARTUP,Hyper,,36.36363636363637
STARTUP,Valink Therapeutics,,57.14285714285714
STARTUP,Avenue,,45.0
STARTUP,Prequel,,30.76923076923077
STARTUP,noHQ,,45.0
STARTUP,Flok,,36.0
STARTUP,Charge Running,,36.0
STARTUP,Sivo,,36.0
STARTUP,Gradia Health,,32.727272727272734
STARTUP,HyperGlue,,36.0
STARTUP,Axle Health,,32.727272727272734
STARTUP,Noya,,51.42857142857142
STARTUP,Cyble,,30.000000000000004
STARTUP,Terapify,,47.05882352941176
STARTUP,YourQuote,,40.0
STARTUP,Huddlefire,,33.333333333333336
STARTUP,Supadock,,35.29411764705882
STARTUP,Faction,,37.5
STARTUP,Expent Inc,,50.0
STARTUP,FunctionUp (FanPlay),,40.23529411764706
STARTUP,Gridware,,25.0
STARTUP,Version Story Compare,,46.63636363636363
STARTUP,Bueno Finance,,45.0
STARTUP,Bimaplan,,28.57142857142857
STARTUP,Firstbase.io,,36.0
STARTUP,OctiFi,,36.0
STARTUP,Per Diem,,42.85714285714286
STARTUP,June,,30.000000000000004
STARTUP,FifthTry,,35.29411764705882
STARTUP,Promoted.ai,,49.090909090909086
STARTUP,Aviron Interactive,,45.0
STARTUP,Camber,,32.727272727272734
STARTUP,Pry Financials,,45.0
STARTUP,Emerge Tools,,36.0
STARTUP,Parsagon,,35.29411764705882
STARTUP,Lendflow,,37.5
STARTUP,Alinea,,45.0
STARTUP,Vapi,,60.00000000000001
STARTUP,Fintoc,,53.333333333333336
STARTUP,Nirva,,36.36363636363637
STARTUP,ControlHub,,42.10526315789473
STARTUP,Dashlabs.ai,,45.0
STARTUP,Orbillion Bio,,45.0
STARTUP,Kodo,,36.0
STARTUP,Lalabox,,25.0
STARTUP,Quadrant Health,,42.75
STARTUP,Udhaar App,,31.57894736842105
STARTUP,Topkey,,50.0
STARTUP,Mindee,,57.14285714285714
STARTUP,weweb.io,,37.5
STARTUP,Kredi,,36.36363636363637
STARTUP,Pangea.app,,45.0
STARTUP,Anima,,51.42857142857142
STARTUP,Procoto,,37.5
STARTUP,Logica,,54.0
STARTUP,Care Weather,,38.095238095238095
STARTUP,Roin Technologies,,45.0
STARTUP,Hermes Robotics,,42.35294117647059
STARTUP,Popl,,60.00000000000001
STARTUP,Fathom,,60.00000000000001
STARTUP,True3D,,32.727272727272734
STARTUP,BrioHR,,32.727272727272734
STARTUP,FirstSupport.ai,,45.0
STARTUP,Purpose Finance,,45.0
STARTUP,Rinsed,,42.85714285714286
STARTUP,Measured,,37.5
STARTUP,R2,,45.0
STARTUP,GimBooks,,14.28571428571429
STARTUP,Greywing,,37.5
STARTUP,zingbus,,26.66666666666667
STARTUP,Verak,,36.36363636363637
STARTUP,Finary.com,,36.0
STARTUP,Remora,,33.333333333333336
STARTUP,LiveFlow,,14.28571428571429
STARTUP,Auricle,,50.0
STARTUP,Aurabeat,,28.57142857142857
STARTUP,Hudu,,36.0
STARTUP,Invoid,,42.85714285714286
STARTUP,Great Question,,45.0
STARTUP,MarcoPolo,,44.44444444444444
STARTUP,Datrics,,62.5
STARTUP,Trela,,36.36363636363637
STARTUP,Enode,,51.42857142857142
STARTUP,Coderhouse,,36.0
STARTUP,Sendbox,,40.0
STARTUP,Text Blaze,,25.71428571428571
STARTUP,Trendpop,,47.05882352941176
STARTUP,LightTwist,,22.5
STARTUP,Veera Health,,38.0
STARTUP,LogisticsOS,,36.0
STARTUP,Noble,,36.36363636363637
STARTUP,Homebase,,42.85714285714286
STARTUP,Partnered,,45.0
STARTUP,OpenCode,,57.14285714285714
STARTUP,Darrow,,45.0
STARTUP,Flextock,,35.29411764705882
STARTUP,QuotaBook,,32.727272727272734
STARTUP,Topline Pro,,49.090909090909086
STARTUP,Quicknode,,40.0
STARTUP,Resquared,,35.29411764705882
STARTUP,Codingal,,42.85714285714286
STARTUP,Nimbus,,33.333333333333336
STARTUP,TechBiz,,37.5
STARTUP,Tractian,,35.29411764705882
STARTUP,Solo,,36.0
STARTUP,Enable Us,,60.00000000000001
STARTUP,Dyte,,60.00000000000001
STARTUP,Platypus,,35.29411764705882
STARTUP,clicOH,,45.0
STARTUP,Stoke Space,,40.0
STARTUP,Milk Video,,33.333333333333336
STARTUP,Juicy Marbles,,22.5
STARTUP,Tilt,,36.0
STARTUP,Unschool,,35.29411764705882
STARTUP,Simplify,,28.57142857142857
STARTUP,InpharmD,,37.5
STARTUP,Striga,,45.0
STARTUP,Tint,,51.42857142857142
STARTUP,Finantier,,45.0
STARTUP,unSurvey,,23.529411764705888
STARTUP,ZOKO,,36.0
STARTUP,TaoFi,,42.85714285714286
STARTUP,Taste,,45.0
STARTUP,Launcher Labs,,36.36363636363637
STARTUP,Aerotime,,47.05882352941176
STARTUP,Reclaim Protocol,,45.0
STARTUP,Slash,,40.0
STARTUP,BotBuilt,,28.57142857142857
STARTUP,Rulebricks,,31.57894736842105
STARTUP,FitHub,,36.0
STARTUP,Seer,,51.42857142857142
STARTUP,Redcliffe Lifetech,,38.0
STARTUP,ROGER,,36.36363636363637
STARTUP,Phoenix,,61.53846153846154
STARTUP,Worksphere,,37.5
STARTUP,Feroot Security,,30.000000000000004
STARTUP,Betterhalf,,30.000000000000004
STARTUP,Mythia,,45.0
STARTUP,Camp,,36.0
STARTUP,Fable,,30.000000000000004
STARTUP,Biodock,,26.66666666666667
STARTUP,Venu AI,,61.53846153846154
STARTUP,Manara,,49.090909090909086
STARTUP,Compose.ai,,62.5
STARTUP,Moxion Power Co.,,38.57142857142858
STARTUP,Lamar Health,,38.0
STARTUP,Soraban,,30.76923076923077
STARTUP,Pyroscope,,60.00000000000001
STARTUP,Stayflexi,,40.0
STARTUP,Ontop,,57.14285714285714
STARTUP,Preki,,54.54545454545454
STARTUP,Mendel,,42.85714285714286
STARTUP,HomeBreeze,,36.0
STARTUP,Haystack,,35.29411764705882
STARTUP,Z1,,0.0
STARTUP,Morada Uno,,36.0
STARTUP,Entelexo Biotherapeutics,,45.0
STARTUP,Eat Blueprint,,51.42857142857142
STARTUP,Mono,,45.0
STARTUP,Houm,,45.0
STARTUP,Zealth,,54.0
STARTUP,Lunatic,,50.0
STARTUP,Alokai,,50.0
STARTUP,Ziina,,45.0
STARTUP,Codeball,,42.85714285714286
STARTUP,Pagaloop,,35.29411764705882
STARTUP,Prendea,,61.53846153846154
STARTUP,Chatwoot,,35.29411764705882
STARTUP,Infracost,,33.333333333333336
STARTUP,Kitemaker,,30.000000000000004
STARTUP,AgendaPro,,45.0
STARTUP,FlutterFlow,,30.000000000000004
STARTUP,Kidato,,45.0
STARTUP,Dataherald,,42.10526315789473
STARTUP,Moonshot Brands,,36.642857142857146
STARTUP,Galaxy,,25.71428571428571
STARTUP,GreaseBoss,,36.0
STARTUP,Alpas,,36.36363636363637
STARTUP,FlowEQ,,33.333333333333336
STARTUP,Rejoy Health,,45.23809523809524
STARTUP,inBalance,,36.0
STARTUP,Swadesi Way,,31.57894736842105
STARTUP,Machine26,,35.29411764705882
STARTUP,Foster,,33.333333333333336
STARTUP,Svix,,36.0
STARTUP,Treinta,,46.15384615384615
STARTUP,OlaClick,,42.85714285714286
STARTUP,Spline,,42.85714285714286
STARTUP,REGENT,,42.85714285714286
STARTUP,Uiflow,,22.5
STARTUP,BusinessOnBot,,32.727272727272734
STARTUP,Gigs,,36.0
STARTUP,Jetdocs,,37.5
STARTUP,Prospa,,50.0
STARTUP,Rethoric,,58.82352941176471
STARTUP,Dressd,,42.85714285714286
STARTUP,Dayra,,36.0
STARTUP,Axolo,,30.000000000000004
STARTUP,peopleCQ,,42.85714285714286
STARTUP,Poliglota,,40.0
STARTUP,Friz,,45.0
STARTUP,Voosh,,20.0
STARTUP,Somos,,20.0
STARTUP,Awari,,42.85714285714286
STARTUP,UPchieve,,28.57142857142857
STARTUP,Mystic,,45.0
STARTUP,Navattic,,47.05882352941176
STARTUP,Recover,,30.76923076923077
STARTUP,Estoca,,40.0
STARTUP,Broad,,36.36363636363637
STARTUP,Cheqout,,25.0
STARTUP,Mezli,,40.0
STARTUP,Jiga,,36.0
STARTUP,Vendease,,42.85714285714286
STARTUP,Blink,,45.0
STARTUP,MarqVision,,45.0
STARTUP,Wasp,,36.0
STARTUP,HUBUC,,30.000000000000004
STARTUP,Turing College,,42.35294117647059
STARTUP,Djamo,,36.0
STARTUP,Routine,,37.5
STARTUP,hoop.dev,,42.85714285714286
STARTUP,Outfit,,36.0
STARTUP,boitas.com,,40.0
STARTUP,Moonvalley,,45.0
STARTUP,Forcyte Biotechnologies,,45.0
STARTUP,Avion School,,40.0
STARTUP,MeetAnyway,,37.5
STARTUP,MindPortal,,44.44444444444444
STARTUP,Nuntius Therapeutics,,48.275862068965516
STARTUP,Waydev,,28.57142857142857
STARTUP,Authologic,,63.1578947368421
STARTUP,Arpio,,57.14285714285714
STARTUP,Triomics,,58.82352941176471
STARTUP,Mayan,,51.42857142857142
STARTUP,Clear,,36.36363636363637
STARTUP,Bloom,,20.0
STARTUP,H3X Technologies,,32.727272727272734
STARTUP,My NextDerma,,41.53846153846154
STARTUP,Kilobaser,,30.000000000000004
STARTUP,SwiftSku,,14.28571428571429
STARTUP,Shepherd,,37.5
STARTUP,PipeBio,,46.15384615384615
STARTUP,Reshape Biotech,,45.0
STARTUP,Terra API,,45.0
STARTUP,MagicBell,,36.0
STARTUP,AXAR AI,,37.5
STARTUP,Alltruists,,42.10526315789473
STARTUP,Camlist,,30.76923076923077
STARTUP,NextPay,,37.5
STARTUP,Chorus Sleep,,49.090909090909086
STARTUP,Ollama,,33.333333333333336
STARTUP,Kanda,,51.42857142857142
STARTUP,Humance,,37.5
STARTUP,Journey,,30.76923076923077
STARTUP,eqtble,,28.57142857142857
STARTUP,Meru.com,,27.14285714285714
STARTUP,Flux,,0.0
STARTUP,Nano Technologies,,46.15384615384615
STARTUP,Zage,,36.0
STARTUP,Kiwify,,22.5
STARTUP,Hyperseed,,36.0
STARTUP,Palla,,36.36363636363637
STARTUP,Cococart,,28.57142857142857
STARTUP,PaletteHQ,,45.0
STARTUP,Openlayer,,75.00000000000001
STARTUP,Promakhos Therapeutics,,45.16129032258065
STARTUP,Slope,,54.54545454545454
STARTUP,Epsilon3,,50.0
STARTUP,Mentorcam,,44.44444444444444
STARTUP,Inversion Space,,45.0
STARTUP,Blixo,,25.71428571428571
STARTUP,Lobby,,20.0
STARTUP,Reframe,,30.76923076923077
STARTUP,Hedgehog,,25.0
STARTUP,Agapé,,36.0
STARTUP,Positional,,54.0
STARTUP,Wabi,,60.00000000000001
STARTUP,Contalink,,60.00000000000001
STARTUP,AOA Dx,,33.333333333333336
STARTUP,marketfeed,,33.333333333333336
STARTUP,Beeper,,42.85714285714286
STARTUP,Artillery,,36.0
STARTUP,hotglue,,30.76923076923077
STARTUP,Talus Bio,,28.5
STARTUP,Legion Health,,45.0
STARTUP,Odys Aviation,,45.0
STARTUP,Superwall,,45.0
STARTUP,Pipekit,,46.15384615384615
STARTUP,Mindstate Design Labs,,60.00000000000001
STARTUP,Yummy,,20.0
STARTUP,Hive Health,,38.0
STARTUP,Serif Health,,45.23809523809524
STARTUP,Deskimo,,40.0
STARTUP,Customily,,33.333333333333336
STARTUP,Stipop,,45.0
STARTUP,Abstra,,49.090909090909086
STARTUP,TAG,,45.0
STARTUP,Carbonfact,,45.0
STARTUP,Gobillion,,45.0
STARTUP,Varos,,42.85714285714286
STARTUP,Archbee,,37.5
STARTUP,Baraka,,32.727272727272734
STARTUP,Jupe,,51.42857142857142
STARTUP,Concord Materials,,42.35294117647059
STARTUP,Flow Club,,22.22222222222222
STARTUP,Jestor,,32.727272727272734
STARTUP,Level,,45.0
STARTUP,Potion,,42.85714285714286
STARTUP,Rootly,,32.727272727272734
STARTUP,Replo,,40.0
STARTUP,FirstQuadrant,,27.692307692307693
STARTUP,Fingo Africa,,45.0
STARTUP,ARQ,,45.0
STARTUP,Goodkind,,50.0
STARTUP,Karbon Card,,45.0
STARTUP,Catena Biosciences,,60.00000000000001
STARTUP,SolarMente,,37.5
STARTUP,Buzzle,,16.666666666666664
STARTUP,Flowbo,,17.999999999999996
STARTUP,Ananya Health,,40.0
STARTUP,Levro,,36.0
STARTUP,FrontPage,,45.0
STARTUP,Kalam Labs,,22.5
STARTUP,Affogato AI,,54.0
STARTUP,Koshex,,33.333333333333336
STARTUP,Akudo,,30.000000000000004
STARTUP,Mailmodo,,37.5
STARTUP,Coulomb AI,,45.0
STARTUP,PropReturns,,47.05882352941176
STARTUP,Deed,,77.14285714285715
STARTUP,ODWEN,,54.54545454545454
STARTUP,Atmana,,45.0
STARTUP,Zeit Medical,,40.0
STARTUP,SalaryBook,,31.57894736842105
STARTUP,Confido,,46.15384615384615
STARTUP,BoldVoice,,36.0
STARTUP,Instalab,,28.57142857142857
STARTUP,Instacrops,,52.63157894736843
STARTUP,zaz⚡️os,,31.666666666666668
STARTUP,Parallel Bio,,45.0
STARTUP,BLUUMBIO,,25.0
STARTUP,Rivia.AI,,33.529411764705884
STARTUP,Nino Foods,,45.0
STARTUP,Advantage Club,,40.0
STARTUP,Echoes HQ,,32.727272727272734
STARTUP,Swipe,,36.36363636363637
STARTUP,AlgoUniversity,,45.0
STARTUP,Neodocs,,37.5
STARTUP,AppX,,36.0
STARTUP,MobileBoost,,36.0
STARTUP,V-Flow Medical,,30.000000000000004
STARTUP,Cabal,,30.000000000000004
STARTUP,RGI Labs,,33.529411764705884
STARTUP,Strive Math,,47.5
STARTUP,Double,,33.333333333333336
STARTUP,Sleek,,45.0
STARTUP,MadEats,,30.76923076923077
STARTUP,Soco,,45.0
STARTUP,Epinoma,,53.333333333333336
STARTUP,REPROSENT,,49.090909090909086
STARTUP,Bite Ninja,,45.0
STARTUP,Anakin,,50.0
STARTUP,SnapCalorie,,40.0
STARTUP,InstaKin,,42.85714285714286
STARTUP,Abbot,,45.0
STARTUP,StudyStream,,40.0
STARTUP,Union54,,30.76923076923077
STARTUP,Hypercore,,40.0
STARTUP,Lago,,36.0
STARTUP,RendaloMaq,,49.090909090909086
STARTUP,Dailybot,,28.57142857142857
STARTUP,Tablevibe,,32.727272727272734
STARTUP,Lariat Data,,38.0
STARTUP,Nexus,,25.71428571428571
STARTUP,Forage,,33.333333333333336
STARTUP,Patterns,,42.85714285714286
STARTUP,Zen,,60.00000000000001
STARTUP,Tavus,,30.000000000000004
STARTUP,Konta.com,,51.300000000000004
STARTUP,Commery,,30.76923076923077
STARTUP,Ivy Homes,,42.75
STARTUP,Brite,,36.0
STARTUP,SafeBeat,,28.57142857142857
STARTUP,Kindamagical,,45.0
STARTUP,trii,,46.15384615384615
STARTUP,Fitia,,30.000000000000004
STARTUP,Awesomic,,47.05882352941176
STARTUP,Maroo,,42.85714285714286
STARTUP,HyperTrader,,45.0
STARTUP,Verihubs,,28.57142857142857
STARTUP,Kodex,,51.42857142857142
STARTUP,Micro Meat,,45.0
STARTUP,Pirouette Pharma,,45.0
STARTUP,Locale,,36.0
STARTUP,Secoda,,33.333333333333336
STARTUP,Kaya,,36.0
STARTUP,Aqua,,36.0
STARTUP,Tarsal,,32.727272727272734
STARTUP,Hilos,,36.0
STARTUP,SalaryBox,,33.333333333333336
STARTUP,Rinse,,45.0
STARTUP,Redbean,,40.0
STARTUP,Sentiyen,,42.85714285714286
STARTUP,Jovian,,45.0
STARTUP,Hyperbrowser,,36.0
STARTUP,Keyri,,36.36363636363637
STARTUP,AlgoViral,,33.333333333333336
STARTUP,Onebrief,,42.85714285714286
STARTUP,SenpAI.GG,,62.18181818181819
STARTUP,Sproutfi,,35.29411764705882
STARTUP,Laudable,,25.0
STARTUP,Repool,,32.727272727272734
STARTUP,Bree,,51.42857142857142
STARTUP,Monto,,54.0
STARTUP,Breadcrumbs.io,,36.0
STARTUP,Pideaky,,46.15384615384615
STARTUP,Govly,,20.0
STARTUP,Pluggy,,20.0
STARTUP,Okani,,54.54545454545454
STARTUP,Perfekto,,28.57142857142857
STARTUP,AI Tech Packs,,45.45454545454546
STARTUP,Covie,,40.0
STARTUP,Enerjazz,,42.85714285714286
STARTUP,Warpfy,,40.0
STARTUP,Planet A Foods,,40.0
STARTUP,Glitzi,,30.000000000000004
STARTUP,Ivella,,33.333333333333336
STARTUP,testRigor,,33.333333333333336
STARTUP,Monet,,45.0
STARTUP,Enso,,45.0
STARTUP,Tiriel AI,,49.090909090909086
STARTUP,Cloudanix,,45.0
STARTUP,Buró de Ingresos,,45.0
STARTUP,SigmaOS,,25.0
STARTUP,DigiBuild,,35.29411764705882
STARTUP,fluke,,25.71428571428571
STARTUP,OneStopKitchen,,52.17391304347826
STARTUP,Cero,,45.0
STARTUP,Scratch Data,,36.19047619047619
STARTUP,inai,,77.14285714285715
STARTUP,Matidor.com,,40.0
STARTUP,Ruta Health,,38.0
STARTUP,Apollo,,30.000000000000004
STARTUP,WarpBuild,,44.44444444444444
STARTUP,Geostar,,30.76923076923077
STARTUP,MindFi,,57.14285714285714
STARTUP,Truss,,36.0
STARTUP,Cloudthread,,40.0
STARTUP,Arrow,,42.85714285714286
STARTUP,Hypercontext,,45.0
STARTUP,Nira Energy,,45.0
STARTUP,Intellect,,33.333333333333336
STARTUP,Cartpanda,,49.090909090909086
STARTUP,LootRush,,23.529411764705888
STARTUP,Scispot,,15.384615384615385
STARTUP,Yemaachi Biotechnology,,45.0
STARTUP,Mable,,30.000000000000004
STARTUP,Comet Health,,36.0
STARTUP,Momo Medical,,45.0
STARTUP,LemFi,,54.0
STARTUP,Infiuss Health,,41.53846153846154
STARTUP,Coinrule,,28.57142857142857
STARTUP,Mergent,,40.0
STARTUP,Formance,,35.29411764705882
STARTUP,FastFarma,,33.333333333333336
STARTUP,Sequin,,42.85714285714286
STARTUP,Malloc Inc,,40.0
STARTUP,Milky Way AI,,45.0
STARTUP,Whalesync,,33.333333333333336
STARTUP,ShipBlu,,25.0
STARTUP,GetDot,,30.000000000000004
STARTUP,CoLoop,,36.0
STARTUP,Miniloop,,37.5
STARTUP,Arengu,,45.0
STARTUP,OneSchema,,45.0
STARTUP,Mixr,,45.0
STARTUP,Shimmer,,25.0
STARTUP,Stardex,,26.66666666666667
STARTUP,Forage Mail,,47.05882352941176
STARTUP,Encuadrado,,49.090909090909086
STARTUP,Kurios,,32.727272727272734
STARTUP,Zoios.,,40.0
STARTUP,Aleph Solutions (Alephee),,45.0
STARTUP,Kodda,,36.36363636363637
STARTUP,KaiPod Learning,,45.0
STARTUP,Aleph,,40.0
STARTUP,Vinco,,51.42857142857142
STARTUP,Inflow,,30.000000000000004
STARTUP,Protex AI,,53.333333333333336
STARTUP,Digistain,,40.0
STARTUP,Freterium,,35.29411764705882
STARTUP,Astek Diagnostics,,50.0
STARTUP,lapzo,,30.000000000000004
STARTUP,Hera,,45.0
STARTUP,Mine,,67.5
STARTUP,Makani Science,,40.0
STARTUP,Harmonic Discovery,,53.4375
STARTUP,Flowly,,17.999999999999996
STARTUP,Zensors,,30.76923076923077
STARTUP,Portão 3,,27.14285714285714
STARTUP,Payhippo,,42.85714285714286
STARTUP,Whaly,,30.000000000000004
STARTUP,Evidently AI,,45.0
STARTUP,Cumbuca,,15.384615384615385
STARTUP,Heimdal,,40.0
STARTUP,HeyCharge,,30.000000000000004
STARTUP,aSim,,60.00000000000001
STARTUP,Levo,,36.0
STARTUP,Endla,,54.54545454545454
STARTUP,Adaptyv,,26.66666666666667
STARTUP,Spark Studio,,40.0
STARTUP,Warrant,,37.5
STARTUP,Meticulous,,36.0
STARTUP,Mentum,,40.0
STARTUP,Sirka,,30.000000000000004
STARTUP,outloud.ai,,45.0
STARTUP,Akute Health,,32.727272727272734
STARTUP,Writesonic,,54.0
STARTUP,Matrubials,,42.10526315789473
STARTUP,The Breakaway,,34.2
STARTUP,Float,,45.0
STARTUP,TransAstra Corporation,,42.10526315789473
STARTUP,Coast,,45.0
STARTUP,HitPay,,33.333333333333336
STARTUP,Floatpays Inc,,45.0
STARTUP,Bolster,,30.76923076923077
STARTUP,Onfolk,,33.333333333333336
STARTUP,Ancana,,45.0
STARTUP,Examedi,,46.15384615384615
STARTUP,Mach9,,40.0
STARTUP,RMFG,,22.5
STARTUP,Revery AI,,45.0
STARTUP,Dots 💸,,36.0
STARTUP,Litnerd,,40.0
STARTUP,Noloco,,40.0
STARTUP,Chari,,54.0
STARTUP,Tenyks,,33.333333333333336
STARTUP,Pillar,,40.0
STARTUP,Adni,,60.00000000000001
STARTUP,Infina,,33.333333333333336
STARTUP,Telmai,,50.0
STARTUP,Genomelink,,45.0
STARTUP,Genuity,,46.15384615384615
STARTUP,Nomod,,51.42857142857142
STARTUP,Onsite Pro,,54.0
STARTUP,Hudson Labs (formerly Bedrock AI),,45.0
STARTUP,Aer,,45.0
STARTUP,Buoyant Aero,,47.61904761904761
STARTUP,Waterplan,,44.44444444444444
STARTUP,Siglo,,25.71428571428571
STARTUP,Filta,,30.000000000000004
STARTUP,Ferveret,,25.0
STARTUP,Female Invest,,45.0
STARTUP,Algofi,,40.0
STARTUP,Humane Genomics,,48.0
STARTUP,PAYZE,,36.36363636363637
STARTUP,Zuma,,36.0
STARTUP,Telivy,,33.333333333333336
STARTUP,Dime,,60.00000000000001
STARTUP,Pylon,,36.36363636363637
STARTUP,Infer,,45.0
STARTUP,Vibe Kanban,,36.0
STARTUP,Caire Health,,40.0
STARTUP,Luable,,25.71428571428571
STARTUP,Nasdisc,,46.15384615384615
STARTUP,Kiwi Biosciences,,45.0
STARTUP,Filadd,,28.57142857142857
STARTUP,Stownest,,28.57142857142857
STARTUP,Tuli Health,,38.0
STARTUP,Malga,,30.000000000000004
STARTUP,Kapacity.io,,45.0
STARTUP,Novatr,,49.090909090909086
STARTUP,Baubap,,26.66666666666667
STARTUP,Shape,,36.36363636363637
STARTUP,Ruth Health,,38.0
STARTUP,idemeum,,53.333333333333336
STARTUP,Verde,,51.42857142857142
STARTUP,Pandai,,66.66666666666667
STARTUP,Abhi,,60.00000000000001
STARTUP,Suplias,,30.76923076923077
STARTUP,Orderli,,46.15384615384615
STARTUP,Membo,,36.0
STARTUP,Moving Parts,,41.53846153846154
STARTUP,Byte Kitchen,,45.0
STARTUP,Sensible Biotechnologies,,49.090909090909086
STARTUP,StrideQ,,37.5
STARTUP,Storylane,,30.000000000000004
STARTUP,ContraForce,,50.0
STARTUP,Abatable,,23.529411764705888
STARTUP,Output Biosciences,,45.0
STARTUP,CellChorus,,22.5
STARTUP,Atlas,,45.0
STARTUP,Plai,,60.00000000000001
STARTUP,Hirebolt,,35.29411764705882
STARTUP,Phykos,,30.000000000000004
STARTUP,Therify,,50.0
STARTUP,Canopi,,66.66666666666667
STARTUP,Crew,,36.0
STARTUP,Opkit,,60.00000000000001
STARTUP,Mindmesh,,50.0
STARTUP,Squire.ai,,54.0
STARTUP,SFA Therapeutics,,56.00000000000001
STARTUP,Birdie,,32.727272727272734
STARTUP,Spoken,,50.0
STARTUP,Bytebot,,25.0
STARTUP,BlackOakTV,,32.727272727272734
STARTUP,Adravision,,45.0
STARTUP,Medium Biosciences,,45.0
STARTUP,Pactima,,46.15384615384615
STARTUP,Luminate,,37.5
STARTUP,Protego,,30.76923076923077
STARTUP,Evidence,,37.5
STARTUP,Sitenna,,46.15384615384615
STARTUP,GamerPay,,35.29411764705882
STARTUP,Talentdrop,,63.1578947368421
STARTUP,VedaBio,,46.15384615384615
STARTUP,Aviator,,37.5
STARTUP,FirstIgnite,,36.0
STARTUP,OneShop,,50.0
STARTUP,Verano Health,,45.0
STARTUP,Datlo,,45.0
STARTUP,Café,,45.0
STARTUP,Quest,,25.71428571428571
STARTUP,Synder,,32.727272727272734
STARTUP,Stepful,,26.66666666666667
STARTUP,Turion Space,,47.61904761904761
STARTUP,Satsuma,,25.0
STARTUP,Cache,,40.0
STARTUP,HEO Robotics,,47.61904761904761
STARTUP,Titipku,,25.0
STARTUP,Ahazou,,45.0
STARTUP,Charge Robotics,,42.35294117647059
STARTUP,Payflow,,30.76923076923077
STARTUP,Equipt Health,,45.0
STARTUP,Nash,,51.42857142857142
STARTUP,Lightly,,15.384615384615385
STARTUP,Pide Directo,,49.090909090909086
STARTUP,Amenli,,50.0
STARTUP,Chipax,,33.333333333333336
STARTUP,Safer Management,,42.75
STARTUP,Exa,,60.00000000000001
STARTUP,Toku,,45.0
STARTUP,Beau,,45.0
STARTUP,Sully.ai,,28.57142857142857
STARTUP,Mecho Autotech,,42.75
STARTUP,Liv Labs,,27.14285714285714
STARTUP,Revolve Surgical,,36.0
STARTUP,JABU,,36.0
STARTUP,Careerist,,35.29411764705882
STARTUP,Andi,,60.00000000000001
STARTUP,Emerge Career,,36.0
STARTUP,Wyvern,,33.333333333333336
STARTUP,Optery,,50.0
STARTUP,Attack Capital,,38.57142857142858
STARTUP,Northwind,,44.44444444444444
STARTUP,Apollo,,30.000000000000004
STARTUP,Spot Health,,45.0
STARTUP,Uberduck,,25.0
STARTUP,Arc,,50.0
STARTUP,Elevate (formerly Bloom),,32.727272727272734
STARTUP,StafBook,,23.529411764705888
STARTUP,Keylika,,30.76923076923077
STARTUP,Mederva,,30.76923076923077
STARTUP,Compra Rápida,,45.0
STARTUP,GrowthBook,,31.57894736842105
STARTUP,SilkChart,,22.5
STARTUP,AstroForge,,42.10526315789473
STARTUP,TigerEye,,25.0
STARTUP,Alfie,,36.36363636363637
STARTUP,Redbird,,40.0
STARTUP,Agave,,30.000000000000004
STARTUP,Remedial Health,,41.53846153846154
STARTUP,Strac,,42.85714285714286
STARTUP,Pelm,,51.42857142857142
STARTUP,Moots,,22.5
STARTUP,Scout,,30.000000000000004
STARTUP,TYBR Health,,38.0
STARTUP,LifeAt,,40.0
STARTUP,Boardcave,,40.0
STARTUP,Syrona Health,,57.0
STARTUP,Kapital Bank,,36.19047619047619
STARTUP,Railbird,,28.57142857142857
STARTUP,Capuchin,,37.5
STARTUP,Sieve,,45.0
STARTUP,Selia,,36.36363636363637
STARTUP,PolicyFly,,36.0
STARTUP,Lumina,,42.85714285714286
STARTUP,Ravion,,45.0
STARTUP,Hubble Network,,33.75
STARTUP,Trellus,,25.0
STARTUP,Rebill,,33.333333333333336
STARTUP,Trébol,,45.0
STARTUP,Peakflo,,46.15384615384615
STARTUP,WeReno,,42.85714285714286
STARTUP,Samos Insurance,,41.53846153846154
STARTUP,Wingback,,28.57142857142857
STARTUP,Rosebud Biosciences,,45.0
STARTUP,VantedgeAI,,60.00000000000001
STARTUP,Starling,,35.29411764705882
STARTUP,Momento,,46.15384615384615
STARTUP,PromptLoop,,45.0
STARTUP,Actipulse Neuroscience,,45.0
STARTUP,Engage Bio,,57.0
STARTUP,Craniometrix,,47.61904761904761
STARTUP,Shinkei Systems,,32.727272727272734
STARTUP,FlowDeploy,,33.333333333333336
STARTUP,Cherry Recommends,,45.0
STARTUP,Cozmo AI,,42.85714285714286
STARTUP,Sota2,,36.36363636363637
STARTUP,Loops,,40.0
STARTUP,Wagetap,,37.5
STARTUP,Stably AI (Orca),,42.75
STARTUP,CoffeeAI,,57.14285714285714
STARTUP,Proper,,50.0
STARTUP,Transfez,,23.529411764705888
STARTUP,Perl Street,,45.0
STARTUP,Sei AI,,50.0
STARTUP,Brown Foods,,32.727272727272734
STARTUP,Nest Genomics,,45.45454545454546
STARTUP,Axross Pte Ltd,,42.10526315789473
STARTUP,Sarus,,36.0
STARTUP,Blaze,,30.000000000000004
STARTUP,Supertone,,45.0
STARTUP,Spinach AI,,50.0
STARTUP,PeakPath,,42.85714285714286
STARTUP,Nyckel,,26.66666666666667
STARTUP,Yezza,,36.36363636363637
STARTUP,Pursuit,,30.76923076923077
STARTUP,Fleetzero,,33.333333333333336
STARTUP,Gym Class,,20.0
STARTUP,Skillza,,15.384615384615385
STARTUP,TeamOut,,30.76923076923077
STARTUP,InferEdge,,35.29411764705882
STARTUP,Sekilo,,33.333333333333336
STARTUP,HomeRoom,,35.29411764705882
STARTUP,Seabound,,37.5
STARTUP,Dynamo AI,,54.0
STARTUP,Invert,,40.0
STARTUP,Industrial Next,,49.090909090909086
STARTUP,Onyx Private,,45.0
STARTUP,Rownd,,51.42857142857142
STARTUP,Aspora,,33.333333333333336
STARTUP,Castia,,40.0
STARTUP,Koala,,36.36363636363637
STARTUP,CUTR,,45.0
STARTUP,Kaso,,36.0
STARTUP,JumpWire,,28.57142857142857
STARTUP,Touch and Pay Technologies Limited,,41.53846153846154
STARTUP,Heyfood,,26.66666666666667
STARTUP,Vendoo,,42.85714285714286
STARTUP,Myria,,40.0
STARTUP,HypaHub,,30.76923076923077
STARTUP,Alixia,,33.333333333333336
STARTUP,Corveus Medical,,33.75
STARTUP,Instant Labs,,36.0
STARTUP,Ozone,,36.36363636363637
STARTUP,Miggos,,28.57142857142857
STARTUP,Orca,,45.0
STARTUP,Shuttle Central,,45.0
STARTUP,Atlas,,45.0
STARTUP,Dioptra,,46.15384615384615
STARTUP,Bobidi,,36.0
STARTUP,Hyperbeam,,45.0
STARTUP,Iron Leap,,45.0
STARTUP,Ankr Health,,40.0
STARTUP,Valari,,40.0
STARTUP,Whiz,,36.0
STARTUP,Emigre,,42.85714285714286
STARTUP,UpBanx,,45.0
STARTUP,MySivi,,28.57142857142857
STARTUP,Fieldproxy,,22.5
STARTUP,Happl,,36.0
STARTUP,Unlayer,,30.76923076923077
STARTUP,Pyrls,,22.5
STARTUP,Complif,,46.15384615384615
STARTUP,Munily,,33.333333333333336
STARTUP,Lenk,,45.0
STARTUP,Criya,,36.0
STARTUP,haddock,,37.5
STARTUP,Fintelite,,33.333333333333336
STARTUP,Cerebrium,,35.29411764705882
STARTUP,Lexter.ai,,49.090909090909086
STARTUP,Oto,,45.0
STARTUP,Rehook.ai,,49.090909090909086
STARTUP,Versable,,28.57142857142857
STARTUP,Elementary,,45.0
STARTUP,Agentnoon,,45.0
STARTUP,Firezone,,28.57142857142857
STARTUP,Phase Biolabs,,40.0
STARTUP,Lightmeter,,22.5
STARTUP,MosaicVoice,,49.090909090909086
STARTUP,Creizer,,30.76923076923077
STARTUP,Stock Unlock,,30.000000000000004
STARTUP,LanceDB,,37.5
STARTUP,Bifrost,,25.0
STARTUP,Omoi (formerly Azuki),,42.75
STARTUP,RDash,,40.0
STARTUP,Zorba,,36.36363636363637
STARTUP,Beam,,45.0
STARTUP,Drivingforce,,38.57142857142858
STARTUP,Sophys,,36.0
STARTUP,Bunkyr,,32.727272727272734
STARTUP,SnapTrade,,40.0
STARTUP,Armilla AI,,45.0
STARTUP,Soon,,45.0
STARTUP,Dart,,51.42857142857142
STARTUP,Castled.io,,32.727272727272734
STARTUP,Palitronica Inc,,60.0
STARTUP,Emobi,,54.0
STARTUP,Ole,,60.00000000000001
STARTUP,Cardda,,32.727272727272734
STARTUP,Streak,,33.333333333333336
STARTUP,Bakool,,30.000000000000004
STARTUP,Reforged Labs,,34.2
STARTUP,Ranla,,51.42857142857142
STARTUP,HOKALI,,50.0
STARTUP,Axis,,60.00000000000001
STARTUP,Flagright,,33.333333333333336
STARTUP,RedBrick AI,,45.0
STARTUP,Gauss,,30.000000000000004
STARTUP,T3 Chat,,25.0
STARTUP,BharatX,,25.0
STARTUP,Stackshine,,31.57894736842105
STARTUP,Speechly,,28.57142857142857
STARTUP,Sphere,,33.333333333333336
STARTUP,RecordBook,,22.5
STARTUP,Magna,,51.42857142857142
STARTUP,IOMETE,,33.333333333333336
STARTUP,SkyLink,,26.66666666666667
STARTUP,Suggestr,,23.529411764705888
STARTUP,Mintlify,,37.5
STARTUP,Kable,,30.000000000000004
STARTUP,RefineTrain AI,,54.0
STARTUP,PermitFlow,,49.090909090909086
STARTUP,Stairs Financial,,45.0
STARTUP,NearWave,,28.57142857142857
STARTUP,SALT,,51.42857142857142
STARTUP,IMT Care,,33.529411764705884
STARTUP,Anfin,,51.42857142857142
STARTUP,Siftly,,22.5
STARTUP,Complete,,42.85714285714286
STARTUP,Plumter,,30.76923076923077
STARTUP,Tuva Health,,38.0
STARTUP,PayCaddy,,28.57142857142857
STARTUP,digi,,36.0
STARTUP,Velt,,30.000000000000004
STARTUP,Wibond,,42.85714285714286
STARTUP,Eazipay Inc.,,46.15384615384615
STARTUP,Markaz Technologies,,40.0
STARTUP,Cogram,,33.333333333333336
STARTUP,Enlightra,,54.0
STARTUP,Toko,,45.0
STARTUP,Posh,,36.0
STARTUP,Botin,,45.0
STARTUP,Sero,,45.0
STARTUP,Cotera,,50.0
STARTUP,SpadeWorks,,40.0
STARTUP,LunaJoy Health,,45.0
STARTUP,FinFlx,,28.57142857142857
STARTUP,Curacel,,25.0
STARTUP,Boya,,40.0
STARTUP,Kaagaz,,25.71428571428571
STARTUP,Requestly,,23.529411764705888
STARTUP,voize,,40.0
STARTUP,Livedocs,,25.0
STARTUP,Tola,,45.0
STARTUP,PayCrunch,,45.0
STARTUP,Pluto.markets,,30.000000000000004
STARTUP,Agency,,45.0
STARTUP,Prembly (formerly Identitypass),,45.0
STARTUP,Alga Biosciences,,45.0
STARTUP,"Elphinstone, Inc.",,42.10526315789473
STARTUP,Finnt,,45.0
STARTUP,Grey,,30.000000000000004
STARTUP,Strong Compute,,45.0
STARTUP,SubscriptionFlow,,33.75
STARTUP,Dojah Inc,,40.0
STARTUP,Glep,,45.0
STARTUP,Convoy,,33.333333333333336
STARTUP,Tendo,,51.42857142857142
STARTUP,Fuell,,25.71428571428571
STARTUP,Aklimate,,28.57142857142857
STARTUP,Lovage,,33.333333333333336
STARTUP,Argo,,46.15384615384615
STARTUP,Vendy,,51.42857142857142
STARTUP,"Sendme, Inc",,42.85714285714286
STARTUP,Benson,,33.333333333333336
STARTUP,Blitzllama,,25.71428571428571
STARTUP,Demo Gorilla,,49.090909090909086
STARTUP,Sprites,,30.76923076923077
STARTUP,SmartHelio,,42.10526315789473
STARTUP,Arintra,,50.0
STARTUP,Hydra,,36.0
STARTUP,Trackingplan,,36.0
STARTUP,goodfin,,40.0
STARTUP,Durioo,,32.727272727272734
STARTUP,Simplifyd Systems,,33.75
STARTUP,Airwork,,37.5
STARTUP,Cash Flow Portal,,32.727272727272734
STARTUP,Rank (formerly Moni),,60.00000000000001
STARTUP,AntWalk,,37.5
STARTUP,Nash,,51.42857142857142
STARTUP,Cinder,,42.85714285714286
STARTUP,Partna,,50.0
STARTUP,BotCity,,30.76923076923077
STARTUP,Take App,,28.57142857142857
STARTUP,Nullstone,,40.0
STARTUP,Carbon Crusher,,42.35294117647059
STARTUP,Courtyard.io,,33.333333333333336
STARTUP,DimOrder,,37.5
STARTUP,SaveIN,,45.0
STARTUP,Material Depot,,48.0
STARTUP,Duplo,,40.0
STARTUP,Lifecast,,28.57142857142857
STARTUP,Vimmerse,,25.0
STARTUP,Broccoli AI,,45.0
STARTUP,Fello,,25.71428571428571
STARTUP,Rome,,51.42857142857142
STARTUP,Joe,,60.00000000000001
STARTUP,Bemlo,,36.0
STARTUP,Talentropy.ai,,63.63636363636363
STARTUP,mutable.ai,,54.0
STARTUP,Kular,,36.0
STARTUP,Theneo,,45.0
STARTUP,Torpedo Therapeutics,,49.090909090909086
STARTUP,Andson Biotech,,45.0
STARTUP,Ponyrun,,30.76923076923077
STARTUP,Top Road,,44.70588235294118
STARTUP,Brainboard,,36.0
STARTUP,Numida,,42.85714285714286
STARTUP,PINA,,67.5
STARTUP,AvairSense,,36.0
STARTUP,Bracket,,25.0
STARTUP,Joon Health,,45.0
STARTUP,Cypher,,33.333333333333336
STARTUP,Vessel,,28.57142857142857
STARTUP,Trueplace,,44.44444444444444
STARTUP,IoTFlows Inc,,23.529411764705888
STARTUP,UNISON,,33.333333333333336
STARTUP,Venue.ink,,47.05882352941176
STARTUP,Nophin,,54.0
STARTUP,HOAi,,60.00000000000001
STARTUP,Better Opinions,,60.00000000000001
STARTUP,Attain,,45.0
STARTUP,Quan,,60.00000000000001
STARTUP,SNAB,,51.42857142857142
STARTUP,Amal Invest,,31.57894736842105
STARTUP,Topship,,50.0
STARTUP,Argument Computer Corporation,,45.0
STARTUP,PropelAuth,,60.00000000000001
STARTUP,Fogbender,,45.0
STARTUP,Spade,,51.42857142857142
STARTUP,Jamsocket,,33.333333333333336
STARTUP,Decent,,57.14285714285714
STARTUP,SOTERI SKIN,,46.63636363636363
STARTUP,Status,,40.0
STARTUP,Unsaddl,,30.76923076923077
STARTUP,QUIK,,36.0
STARTUP,Clupp,,30.000000000000004
STARTUP,Vobi,,45.0
STARTUP,Sendo,,51.42857142857142
STARTUP,ngrow.ai,,47.05882352941176
STARTUP,Rider,,51.42857142857142
STARTUP,Shaped,,33.333333333333336
STARTUP,Winter,,49.090909090909086
STARTUP,BelozFi,,30.76923076923077
STARTUP,Float Health,,36.0
STARTUP,Ploomber,,28.57142857142857
STARTUP,GoJom,,20.0
STARTUP,yhangry,,37.5
STARTUP,Fleek,,45.0
STARTUP,Arpari,,53.333333333333336
STARTUP,Housewarming,,45.0
STARTUP,Rally,,30.000000000000004
STARTUP,RTHM,,45.0
STARTUP,Unravel Carbon,,45.0
STARTUP,Blink,,45.0
STARTUP,Humand,,45.0
STARTUP,WANTD,,67.5
STARTUP,Glow Energy,,45.0
STARTUP,Workflow86,,22.5
STARTUP,Marathon Education,,48.857142857142854
STARTUP,Codec,,51.42857142857142
STARTUP,Mahaana Wealth,,41.53846153846154
STARTUP,Avocademy,,35.29411764705882
STARTUP,Postal,,33.333333333333336
STARTUP,Finku,,45.0
STARTUP,AYC Fund,,25.0
STARTUP,Koko,,36.0
STARTUP,Anja Health,,40.0
STARTUP,Reviving Mind,,60.00000000000001
STARTUP,Heptabase,,32.727272727272734
STARTUP,Kenobi,,50.0
STARTUP,Darsel,,32.727272727272734
STARTUP,The Ankler,,40.0
STARTUP,Pigeon,,50.0
STARTUP,Cashmere,,35.29411764705882
STARTUP,Netmaker,,35.29411764705882
STARTUP,Olympian Motors,,45.0
STARTUP,GIMO,,36.0
STARTUP,Nara,,51.42857142857142
STARTUP,Powerhouse AI,,54.0
STARTUP,Circular,,23.529411764705888
STARTUP,TAI,,72.0
STARTUP,Query Vary,,30.000000000000004
STARTUP,Trusty,,32.727272727272734
STARTUP,Impossible Metals,,32.727272727272734
STARTUP,Dealls – Jobs & Mentoring,,45.0
STARTUP,Cellbyte,,25.0
STARTUP,GoSats,,40.0
STARTUP,Poko,,36.0
STARTUP,Offbeast,,42.85714285714286
STARTUP,AirMyne,,30.76923076923077
STARTUP,Cinapse,,30.76923076923077
STARTUP,"Origami Therapeutics, Inc.",,48.275862068965516
STARTUP,GovDash,,30.76923076923077
STARTUP,Beyond Aero,,45.0
STARTUP,Pina Earth,,54.0
STARTUP,KorrAI,,50.0
STARTUP,Revoy,,36.0
STARTUP,MSPilot,,30.76923076923077
STARTUP,Cofactr,,37.5
STARTUP,Powerdocs,,36.0
STARTUP,beU delivery,,33.75
STARTUP,Pantore Pay,,50.0
STARTUP,HippoBuild,,33.333333333333336
STARTUP,Karate Labs,,30.000000000000004
STARTUP,Vecindario,,50.0
STARTUP,Alima,,36.36363636363637
STARTUP,Flike,,25.71428571428571
STARTUP,Finnix,,33.333333333333336
STARTUP,Phoenix Hydrogen,,62.18181818181819
STARTUP,AiSupervision,,45.0
STARTUP,Eventual,,42.85714285714286
STARTUP,Jutsoo,,30.000000000000004
STARTUP,Seis,,45.0
STARTUP,Onboard.io,,50.0
STARTUP,Fresh Factory,,30.000000000000004
STARTUP,Remi,,67.5
STARTUP,CrediBook,,32.727272727272734
STARTUP,NFTScoring,,42.10526315789473
STARTUP,Mono,,45.0
STARTUP,Lizza,,30.000000000000004
STARTUP,Reality Defender,,61.07142857142858
STARTUP,Massdriver,,31.57894736842105
STARTUP,Mindbase,,50.0
STARTUP,WhiteLab Genomics,,48.0
STARTUP,BBy,,0.0
STARTUP,Medplum,,40.0
STARTUP,SimpleHash,,45.0
STARTUP,Eugit Therapeutics,,45.0
STARTUP,Pana,,67.5
STARTUP,Poly,,36.0
STARTUP,Albiware Inc.,,28.57142857142857
STARTUP,Layerup,,37.5
STARTUP,Clinikally,,32.727272727272734
STARTUP,Cisterna Biologics,,51.300000000000004
STARTUP,Banabo,,45.0
STARTUP,Wolfia,,36.0
STARTUP,Instant,,37.5
STARTUP,HyperDX,,30.76923076923077
STARTUP,Magic,,51.42857142857142
STARTUP,Weltio,,33.333333333333336
STARTUP,Chordio,,37.5
STARTUP,Stream,,33.333333333333336
STARTUP,Paces,,45.0
STARTUP,Denormalized,,50.0
STARTUP,Airtrain AI,,54.0
STARTUP,Star,,45.0
STARTUP,Elessar,,30.76923076923077
STARTUP,Mercator,,35.29411764705882
STARTUP,Julius,,22.5
STARTUP,Ciro,,45.0
STARTUP,Dialect,,26.66666666666667
STARTUP,Birch Biosciences,,45.0
STARTUP,Penguin AI,,62.5
STARTUP,Alma,,36.0
STARTUP,Truva,,36.0
STARTUP,SigmaMind AI,,57.0
STARTUP,Versa,,36.36363636363637
STARTUP,Two Dots,,23.529411764705888
STARTUP,Stackup,,25.0
STARTUP,Superpowered AI,,49.090909090909086
STARTUP,Chariot,,37.5
STARTUP,Makeasite,,45.0
STARTUP,Dittofeed,,47.05882352941176
STARTUP,Tailor,,33.333333333333336
STARTUP,Devyce,,42.85714285714286
STARTUP,Bunting Labs,,32.727272727272734
STARTUP,Pasito,,50.0
STARTUP,Ruleset,,26.66666666666667
STARTUP,erad,,45.0
STARTUP,Blitz,,25.71428571428571
STARTUP,Cerrion,,40.0
STARTUP,Alterya,,37.5
STARTUP,TrueBiz,,37.5
STARTUP,Impractical,,45.0
STARTUP,CustomerOS,,31.57894736842105
STARTUP,Coupl,,40.0
STARTUP,CODEXA,,50.0
STARTUP,ilumadata,,25.71428571428571
STARTUP,Moneco,,36.0
STARTUP,Champ,,36.0
STARTUP,BricksAI,,35.29411764705882
STARTUP,Roxels,,33.333333333333336
STARTUP,Serinus Biosciences,,45.0
STARTUP,Dr. Treat,,28.57142857142857
STARTUP,Array Labs,,25.71428571428571
STARTUP,Fetii,,36.36363636363637
STARTUP,Integration Labs,,45.0
STARTUP,Craze,,30.000000000000004
STARTUP,BlueHill Payments,,45.0
STARTUP,Paragon AI,,65.45454545454547
STARTUP,Boostly,,15.384615384615385
STARTUP,EthosX,,45.0
STARTUP,Ballerine,,35.29411764705882
STARTUP,NuMind,,57.14285714285714
STARTUP,Signatur Biosciences,,45.0
STARTUP,Delegasi,,50.0
STARTUP,Lyra,,36.0
STARTUP,Novig,,42.85714285714286
STARTUP,Sunlight,,28.57142857142857
STARTUP,Midplane,,37.5
STARTUP,Voltic,,54.0
STARTUP,Tranch,,54.0
STARTUP,Disclo,,45.0
STARTUP,ALT TEX,,25.0
STARTUP,Bridgecard,,33.333333333333336
STARTUP,Overwatch,,45.0
STARTUP,Blee,,51.42857142857142
STARTUP,Notebook Labs,,36.0
STARTUP,Stellar,,30.76923076923077
STARTUP,CodeCrafters,,45.0
STARTUP,Cashboard,,36.0
STARTUP,Raven,,51.42857142857142
STARTUP,Seaflight Technologies,,45.0
STARTUP,Activepieces,,47.61904761904761
STARTUP,Windmill,,37.5
STARTUP,Capix,,45.0
STARTUP,Gullak Money,,36.0
STARTUP,Popsy,,40.0
STARTUP,Rio,,60.00000000000001
STARTUP,Juicebox,,23.529411764705888
STARTUP,Evoly,,25.71428571428571
STARTUP,Apply Design,,51.42857142857142
STARTUP,Tank Payments,,45.0
STARTUP,Illuminant Surgical,,50.0
STARTUP,MaverickX,,44.44444444444444
STARTUP,Phind,,72.0
STARTUP,Malama Health,,38.0
STARTUP,Ten Lives,,45.0
STARTUP,Payload,,30.76923076923077
STARTUP,Hype,,51.42857142857142
STARTUP,Aragorn AI,,60.00000000000001
STARTUP,Ordinary Seafood,,45.0
STARTUP,Hypestream,,40.0
STARTUP,Namecard.ai,,45.0
STARTUP,Flair Labs,,36.0
STARTUP,Unify,,36.36363636363637
STARTUP,Slauth.io,,44.44444444444444
STARTUP,BiggerPicture,,36.36363636363637
STARTUP,Mistle,,28.57142857142857
STARTUP,Slidely AI,,45.0
STARTUP,Typewise,,42.85714285714286
STARTUP,NewsCatcher,,40.0
STARTUP,100x,,0.0
STARTUP,Pulppo,,20.0
STARTUP,Provision,,45.0
STARTUP,Sytex,,25.71428571428571
STARTUP,Thera,,54.0
STARTUP,Shipmates,,30.000000000000004
STARTUP,Neosync,,37.5
STARTUP,Zoltar Labs,,32.727272727272734
STARTUP,Peoplebox.ai,,55.55555555555556
STARTUP,Airhart Aeronautics,,60.00000000000001
STARTUP,Bitstack,,23.529411764705888
STARTUP,Coris,,40.0
STARTUP,Hedgehog,,25.0
STARTUP,Alphawatch AI,,45.0
STARTUP,AnythingLLM,,50.0
STARTUP,Latent Space,,47.61904761904761
STARTUP,AviaryAI,,35.29411764705882
STARTUP,Diversion,,47.05882352941176
STARTUP,Manatee,,37.5
STARTUP,Pluralith,,40.0
STARTUP,FlyCode,,30.76923076923077
STARTUP,Maya Labs,,24.428571428571427
STARTUP,Chowdeck,,35.29411764705882
STARTUP,Rima AI (formerly Garage),,42.75
STARTUP,Quinn,,45.0
STARTUP,Aurelian,,37.5
STARTUP,Metriport,,33.333333333333336
STARTUP,Fini,,51.42857142857142
STARTUP,Cobbery,,30.76923076923077
STARTUP,Grai,,60.00000000000001
STARTUP,Feather,,50.0
STARTUP,Artemis Search,,41.53846153846154
STARTUP,Argovox,,37.5
STARTUP,Atlas,,45.0
STARTUP,Plutto,,30.000000000000004
STARTUP,Payfura,,30.76923076923077
STARTUP,Anchor,,65.45454545454547
STARTUP,Kombo,,20.0
STARTUP,Unthread,,47.05882352941176
STARTUP,Quindar,,40.0
STARTUP,Ekho,,45.0
STARTUP,Vinci Games,,38.0
STARTUP,Wand Solar,,36.0
STARTUP,Roforco,,37.5
STARTUP,AiPrise,,37.5
STARTUP,CompUp,,36.0
STARTUP,Trendex - Connect with stars,,41.53846153846154
STARTUP,Lamin,,60.00000000000001
STARTUP,nsave,,36.36363636363637
STARTUP,Relay Health,,38.0
STARTUP,Relate,,40.0
STARTUP,Ad Army,,26.66666666666667
STARTUP,Sanifu,,45.0
STARTUP,HOMLI,,54.0
STARTUP,KemNet,,42.85714285714286
STARTUP,PrimeVault,,40.0
STARTUP,Boton,,36.36363636363637
STARTUP,Avina,,51.42857142857142
STARTUP,Invofox,,26.66666666666667
STARTUP,TypeLess,,28.57142857142857
STARTUP,Sunpia,,40.0
STARTUP,FoodCourt,,22.5
STARTUP,Drip,,45.0
STARTUP,Solum Health,,38.0
STARTUP,Firecrawl,,30.000000000000004
STARTUP,UpLink,,42.85714285714286
STARTUP,Superbar,,42.85714285714286
STARTUP,Sonnet,,40.0
STARTUP,Levers,,28.57142857142857
STARTUP,Jasmine Energy,,42.75
STARTUP,Almond,,45.0
STARTUP,Drahim 💰,,40.0
STARTUP,Krave Mart,,30.000000000000004
STARTUP,Oneleet,,30.76923076923077
STARTUP,autone,,45.0
STARTUP,Entvin,,50.0
STARTUP,Wondercraft,,40.0
STARTUP,Blockscope,,60.00000000000001
STARTUP,Relevium Medical,,38.57142857142858
STARTUP,Clearline,,45.0
STARTUP,Jamble,,25.71428571428571
STARTUP,Monterey AI,,49.090909090909086
STARTUP,Express Building,,45.0
STARTUP,Slingshot,,33.333333333333336
STARTUP,MovingLake,,37.5
STARTUP,Pump.co,,29.230769230769234
STARTUP,Taro,,67.5
STARTUP,Knowtex,,30.76923076923077
STARTUP,Sculpt,,25.71428571428571
STARTUP,AlgoTest,,28.57142857142857
STARTUP,REVER,,45.0
STARTUP,Vizzly,,22.5
STARTUP,Velontra,,42.85714285714286
STARTUP,Lavo Life Sciences,,33.75
STARTUP,Kashin,,45.0
STARTUP,Delfino AI,,54.0
STARTUP,FlatX,,45.0
STARTUP,CAPSULE,,30.76923076923077
STARTUP,Kamion,,45.0
STARTUP,InVision Medical Technology,,40.0
STARTUP,Cambio,,33.333333333333336
STARTUP,Aldara,,32.727272727272734
STARTUP,Axle,,36.0
STARTUP,Lotus,,22.5
STARTUP,Landeed,,53.333333333333336
STARTUP,Cone,,51.42857142857142
STARTUP,Chima,,36.0
STARTUP,Intuned,,40.0
STARTUP,AccessOwl,,25.71428571428571
STARTUP,Coverage Cat,,45.0
STARTUP,Integrated Reasoning,,49.090909090909086
STARTUP,Pivo Technology Inc,,45.0
STARTUP,Guardian Bio,,42.75
STARTUP,Dev Tools AI,,45.0
STARTUP,Ping,,67.5
STARTUP,Materee,,37.5
STARTUP,Morf Health,,38.0
STARTUP,Polymath Robotics,,53.84615384615385
STARTUP,Mogara,,33.333333333333336
STARTUP,Sameday,,30.76923076923077
STARTUP,zudo.work,,24.428571428571427
STARTUP,Rubbrband,,23.529411764705888
STARTUP,Avoca,,42.85714285714286
STARTUP,Infisical,,36.0
STARTUP,Middleware,,33.333333333333336
STARTUP,StackAI,,30.76923076923077
STARTUP,Designbase,,44.44444444444444
STARTUP,Laminate,,37.5
STARTUP,Finvest,,26.66666666666667
STARTUP,Miracle,,26.66666666666667
STARTUP,Blyss,,0.0
STARTUP,Reflex,,28.57142857142857
STARTUP,OneText,,30.76923076923077
STARTUP,Linum,,45.0
STARTUP,Cardinal,,37.5
STARTUP,Matano,,45.0
STARTUP,Traceloop,,45.0
STARTUP,rift,,45.0
STARTUP,Trigger.dev,,30.000000000000004
STARTUP,Versori,,37.5
STARTUP,Struct,,40.0
STARTUP,Syncly,,26.66666666666667
STARTUP,DrDroid,,40.0
STARTUP,Layup,,30.000000000000004
STARTUP,Credal.ai,,45.0
STARTUP,Magic Patterns,,38.57142857142858
STARTUP,Rollstack,,33.333333333333336
STARTUP,Depot,,60.00000000000001
STARTUP,Paperplane,,45.0
STARTUP,Pigeon,,50.0
STARTUP,Novelcare,,45.0
STARTUP,Lume,,30.000000000000004
STARTUP,Viddy,,45.0
STARTUP,Concourse,,40.0
STARTUP,Latent,,60.00000000000001
STARTUP,Backdrop,,47.05882352941176
STARTUP,Mulligan,,37.5
STARTUP,Dashdive,,35.29411764705882
STARTUP,FlexDesk,,25.0
STARTUP,Indexical,,35.29411764705882
STARTUP,Trackstar,,33.333333333333336
STARTUP,Demospace,,45.0
STARTUP,Hammr,,36.0
STARTUP,Brewit,,33.333333333333336
STARTUP,Lynx,,30.000000000000004
STARTUP,Palomma,,30.76923076923077
STARTUP,Parabolic,,55.55555555555556
STARTUP,Nango,,51.42857142857142
STARTUP,Rubber Ducky Labs,,22.5
STARTUP,Numeral,,30.76923076923077
STARTUP,Mercoa,,33.333333333333336
STARTUP,Pair AI,,46.15384615384615
STARTUP,Ohm,,45.0
STARTUP,Double – Coding Copilot,,45.0
STARTUP,Glass Health,,32.727272727272734
STARTUP,Versive,,30.76923076923077
STARTUP,Pledge Health,,40.0
STARTUP,Ruby Card,,22.22222222222222
STARTUP,ZeroDev,,30.76923076923077
STARTUP,Salient,,37.5
STARTUP,EdgeBit,,40.0
STARTUP,Cakework,,23.529411764705888
STARTUP,Tennr,,36.36363636363637
STARTUP,Dataglade,,25.71428571428571
STARTUP,Omnistrate,,54.0
STARTUP,Narrative,,45.0
STARTUP,OfOne,,36.36363636363637
STARTUP,OpenSight,,75.00000000000001
STARTUP,loopfour,,28.57142857142857
STARTUP,Gluetrail,,45.0
STARTUP,FlexWash,,28.57142857142857
STARTUP,infra.new,,32.727272727272734
STARTUP,PoplarML,,42.85714285714286
STARTUP,GovEagle,,42.85714285714286
STARTUP,Overflux,,28.57142857142857
STARTUP,Coperniq,,71.42857142857143
STARTUP,CreatorML,,36.0
STARTUP,Vooma,,36.36363636363637
STARTUP,Scanbase,,28.57142857142857
STARTUP,Neptyne,,40.0
STARTUP,Trigo,,54.0
STARTUP,Bluebirds,,35.29411764705882
STARTUP,LinkGrep,,35.29411764705882
STARTUP,Pirros,,40.0
STARTUP,Flower,,33.333333333333336
STARTUP,Cosine,,36.0
STARTUP,Alloy,,30.000000000000004
STARTUP,Bujeti,,33.333333333333336
STARTUP,Chart,,45.0
STARTUP,Gooseworks,,32.727272727272734
STARTUP,Cloudchipr,,30.000000000000004
STARTUP,PoloTab,,30.76923076923077
STARTUP,Repacket,,35.29411764705882
STARTUP,Frigade,,26.66666666666667
STARTUP,Cobblestone,,40.0
STARTUP,Suger,,25.71428571428571
STARTUP,Haven,,51.42857142857142
STARTUP,coil inc.,,45.0
STARTUP,Kivo Health,,45.0
STARTUP,No Cap,,45.0
STARTUP,Dream3D,,53.333333333333336
STARTUP,Bluedot,,26.66666666666667
STARTUP,DataSuite,,33.333333333333336
STARTUP,Outerbase,,40.0
STARTUP,co.dev,,33.333333333333336
STARTUP,Langfuse,,23.529411764705888
STARTUP,Extend,,57.14285714285714
STARTUP,Floworks,,14.28571428571429
STARTUP,Relace,,33.333333333333336
STARTUP,Iliad,,45.0
STARTUP,Propexo,,46.15384615384615
STARTUP,OpenMeter,,72.0
STARTUP,RUUF,,22.5
STARTUP,Choppy!,,45.0
STARTUP,Plutis,,40.0
STARTUP,Inkeep,,42.85714285714286
STARTUP,Velos,,25.71428571428571
STARTUP,EzDubs,,28.57142857142857
STARTUP,Wild Moose,,42.75
STARTUP,ShortLoop,,45.0
STARTUP,BuildJet,,25.0
STARTUP,Booth AI,,42.85714285714286
STARTUP,Truewind,,50.0
STARTUP,TableFlow,,22.5
STARTUP,Overlord,,28.57142857142857
STARTUP,GoodCourse,,32.727272727272734
STARTUP,Orchid,,36.0
STARTUP,KV Cash,,25.0
STARTUP,1stCollab,,32.727272727272734
STARTUP,Storyboarder,,32.727272727272734
STARTUP,Magicflow 𐂂,,36.0
STARTUP,IcePanel,,37.5
STARTUP,Rainmaker,,40.0
STARTUP,Helicone,,37.5
STARTUP,Homeflow,,28.57142857142857
STARTUP,Ariglad,,37.5
STARTUP,OutSail Technologies,,45.0
STARTUP,222,,0.0
STARTUP,Variance,,47.05882352941176
STARTUP,Fintool,,37.5
STARTUP,Portalform,,32.727272727272734
STARTUP,compliant-llm,,45.0
STARTUP,ClickPe,,30.76923076923077
STARTUP,Boundary,,42.85714285714286
STARTUP,FactIQ,,40.0
STARTUP,Sage AI,,46.15384615384615
STARTUP,SensorSurf,,40.0
STARTUP,Hadrius,,37.5
STARTUP,Fairway Health,,41.53846153846154
STARTUP,Fluid Markets,,27.692307692307693
STARTUP,Shortbread,,40.0
STARTUP,Onshore,,37.5
STARTUP,Sherloq,,37.5
STARTUP,Honeydew,,28.57142857142857
STARTUP,Finic,,51.42857142857142
STARTUP,Koywe,,36.36363636363637
STARTUP,Hippo Scribe,,30.000000000000004
STARTUP,Infinia,,30.76923076923077
STARTUP,Noya Software,,36.0
STARTUP,Vitalize,,28.57142857142857
STARTUP,Radical,,37.5
STARTUP,Hona,,60.0
STARTUP,nunu.ai,,46.15384615384615
STARTUP,Odigos Technologies Inc.,,40.0
STARTUP,CombineHealth,,38.57142857142858
STARTUP,Echo,,45.0
STARTUP,Alaan,,51.42857142857142
STARTUP,Vendah,,50.0
STARTUP,Arroyo,,45.0
STARTUP,Defer,,67.5
STARTUP,Fastgen,,30.76923076923077
STARTUP,SuperKalam,,45.0
STARTUP,Clueso,,25.71428571428571
STARTUP,Retape,,33.333333333333336
STARTUP,Sirdab,,28.57142857142857
STARTUP,Loula,,36.36363636363637
STARTUP,Rally Tax,,22.5
STARTUP,Shekel Mobility,,34.78260869565217
STARTUP,MagnaPlay,,36.0
STARTUP,Coldreach,,45.0
STARTUP,Proglix,,37.5
STARTUP,Mantys,,60.00000000000001
STARTUP,Milio,,40.0
STARTUP,Univerbal,,40.0
STARTUP,Clearspace,,42.10526315789473
STARTUP,Sanvivo,,37.5
STARTUP,inBuild,,40.0
STARTUP,Diffuse Bio,,32.727272727272734
STARTUP,Peeba,,54.54545454545454
STARTUP,Muffin Data,,42.10526315789473
STARTUP,Pylon,,36.36363636363637
STARTUP,Clad,,36.0
STARTUP,Epsilon,,53.333333333333336
STARTUP,Helios,,33.333333333333336
STARTUP,PlayAI,,50.0
STARTUP,Keep,,67.5
STARTUP,Stralis Aircraft,,42.75
STARTUP,Corgi Labs,,32.727272727272734
STARTUP,Turntable,,30.000000000000004
STARTUP,Invopop,,37.5
STARTUP,Tagsafe,,15.384615384615385
STARTUP,DAGWorks Inc.,,23.529411764705888
STARTUP,Sorted,,33.333333333333336
STARTUP,Rivet,,36.0
STARTUP,Waza,,36.0
STARTUP,Maxi,,60.00000000000001
STARTUP,Littio,,30.000000000000004
STARTUP,Hindsight,,35.29411764705882
STARTUP,Dill,,36.0
STARTUP,Common Paper,,45.0
STARTUP,Constant,,42.85714285714286
STARTUP,OpenInt,,76.92307692307692
STARTUP,Decohere,,37.5
STARTUP,Resend,,57.14285714285714
STARTUP,Unstatiq,,42.85714285714286
STARTUP,Fern,,45.0
STARTUP,SuperAPI,,57.14285714285714
STARTUP,CodeParrot AI,,49.090909090909086
STARTUP,Conduit,,46.15384615384615
STARTUP,Berry,,25.71428571428571
STARTUP,Persist AI,,50.0
STARTUP,Interlock,,55.55555555555556
STARTUP,rex.fit,,30.76923076923077
STARTUP,Vellum,,28.57142857142857
STARTUP,Wallbit,,30.76923076923077
STARTUP,Vocode,,36.0
STARTUP,Fabius,,33.333333333333336
STARTUP,Benchmark,,45.0
STARTUP,Edge,,60.00000000000001
STARTUP,Luca,,36.0
STARTUP,Untether Labs,,43.18181818181819
STARTUP,highlight.io,,25.71428571428571
STARTUP,Adventris Pharmaceuticals,,52.94117647058824
STARTUP,Invitris,,47.05882352941176
STARTUP,Finni Health,,32.727272727272734
STARTUP,Verata,,40.0
STARTUP,Pier,,51.42857142857142
STARTUP,Vector,,32.727272727272734
STARTUP,Texel.ai,,42.85714285714286
STARTUP,Metal,,36.36363636363637
STARTUP,Skyhook,,25.0
STARTUP,Modulari-T,,37.5
STARTUP,Atmeto,,45.0
STARTUP,Escape,,33.333333333333336
STARTUP,Kyber,,25.71428571428571
STARTUP,Serial,,33.333333333333336
STARTUP,Persana AI,,62.5
STARTUP,Scout,,30.000000000000004
STARTUP,Type,,51.42857142857142
STARTUP,Lightski,,23.529411764705888
STARTUP,Vendora,,46.15384615384615
STARTUP,Adri AI,,37.5
STARTUP,Second,,42.85714285714286
STARTUP,Warp,,46.15384615384615
STARTUP,Fetchr,,49.090909090909086
STARTUP,Upfront,,30.76923076923077
STARTUP,Theya,,40.0
STARTUP,Cercli,,33.333333333333336
STARTUP,LiteLLM,,26.66666666666667
STARTUP,Finta,,45.0
STARTUP,Speedy Labs,,40.0
STARTUP,SpecCheck,,40.0
STARTUP,Automat,,37.5
STARTUP,moonrepo,,35.29411764705882
STARTUP,Pierre,,40.0
STARTUP,Yuma AI,,30.76923076923077
STARTUP,Vaero,,42.85714285714286
STARTUP,Metal,,36.36363636363637
STARTUP,Pando Bioscience,,45.6
STARTUP,Y/n,,36.0
STARTUP,HockeyStack,,35.29411764705882
STARTUP,HyLight,,25.0
STARTUP,Artie,,45.0
STARTUP,PeerDB,,42.85714285714286
STARTUP,Tremor,,45.0
STARTUP,kapa.ai,,46.15384615384615
STARTUP,Kino AI,,46.15384615384615
STARTUP,Leafpress,,40.0
STARTUP,Reworkd,,26.66666666666667
STARTUP,Nectar,,49.090909090909086
STARTUP,Branch AI,,45.0
STARTUP,Ora AI,,50.0
STARTUP,Twenty,,40.0
STARTUP,Xeol,,36.0
STARTUP,Metoro,,45.0
STARTUP,Clearest Health,,41.53846153846154
STARTUP,Elyos AI,,42.85714285714286
STARTUP,Accend,,45.0
STARTUP,Deasy Labs,,40.0
STARTUP,Hyperbound,,37.5
STARTUP,Dioxus Labs,,23.529411764705888
STARTUP,Watto AI,,47.05882352941176
STARTUP,Linc.,,60.00000000000001
STARTUP,AIVideo.com,,45.0
STARTUP,Stellar Sleep,,49.090909090909086
STARTUP,Ohmic Biosciences,,45.0
STARTUP,Magic Loops,,42.75
STARTUP,Sweetspot,,35.29411764705882
STARTUP,Remy,,45.0
STARTUP,Sohar Health,,38.0
STARTUP,Bland AI,,42.85714285714286
STARTUP,Diligent,,37.5
STARTUP,Pointhound,,44.44444444444444
STARTUP,PropRise,,47.05882352941176
STARTUP,Readily,,46.15384615384615
STARTUP,Zelos Cloud,,28.5
STARTUP,Casca,,30.000000000000004
STARTUP,Cedana,,50.0
STARTUP,Lifelike,,28.57142857142857
STARTUP,OpenTools,,72.0
STARTUP,Atla,,51.42857142857142
STARTUP,Contour,,37.5
STARTUP,Every,,45.0
STARTUP,Mandel AI,,49.090909090909086
STARTUP,Prosper,,46.15384615384615
STARTUP,Electric Air,,45.23809523809524
STARTUP,Craftwork,,33.333333333333336
STARTUP,Lio (formerly askLio),,31.999999999999996
STARTUP,Solve Intelligence,,45.0
STARTUP,Talc,,36.0
STARTUP,Airgoods,,35.29411764705882
STARTUP,DataShare,,44.44444444444444
STARTUP,Revamp,,33.333333333333336
STARTUP,Synch,,40.0
STARTUP,CORE,,51.42857142857142
STARTUP,Subsets,,15.384615384615385
STARTUP,GreenTally,,45.0
STARTUP,Spine AI,,57.14285714285714
STARTUP,Baud,,36.0
STARTUP,Capi Money,,36.0
STARTUP,SID,,60.00000000000001
STARTUP,Alguna,,45.0
STARTUP,Campfire,,35.29411764705882
STARTUP,Parea,,54.54545454545454
STARTUP,Venta AI,,57.14285714285714
STARTUP,Punchcard,,40.0
STARTUP,Bronco AI,,54.0
STARTUP,Kite,,36.0
STARTUP,Obento Health,,54.0
STARTUP,Docsum,,36.0
STARTUP,Arcimus,,37.5
STARTUP,CraftOS,,37.5
STARTUP,MICSI,,51.42857142857142
STARTUP,Terminal,,50.0
STARTUP,Corgea,,50.0
STARTUP,Serra,,36.36363636363637
STARTUP,Outset,,33.333333333333336
STARTUP,Hegel AI,,42.85714285714286
STARTUP,Shasta Health,,38.0
STARTUP,Briefer,,26.66666666666667
STARTUP,Health Harbor,,45.45454545454546
STARTUP,Menza,,54.54545454545454
STARTUP,FleetWorks,,22.22222222222222
STARTUP,Chow Central Inc,,45.0
STARTUP,Repaint,,53.333333333333336
STARTUP,Margin,,45.0
STARTUP,Dialtone,,37.5
STARTUP,Hiro,,67.5
STARTUP,Cardinal Gray,,38.57142857142858
STARTUP,Skyvern,,30.76923076923077
STARTUP,Decoda Health,,41.53846153846154
STARTUP,Numen,,40.0
STARTUP,VetRec,,40.0
STARTUP,Lysto,,36.0
STARTUP,GovernGPT,,45.0
STARTUP,Maintouch,,55.55555555555556
STARTUP,Epsilla,,40.0
STARTUP,Sidenote,,37.5
STARTUP,refine,,42.85714285714286
STARTUP,CandorIQ,,47.05882352941176
STARTUP,Unhaze,,36.0
STARTUP,Surface Labs,,30.000000000000004
STARTUP,Egress Health,,32.727272727272734
STARTUP,Maven Bio,,45.0
STARTUP,Upstream,,42.85714285714286
STARTUP,Metalware,,36.0
STARTUP,MediSearch,,36.0
STARTUP,Bretton AI,,65.45454545454547
STARTUP,Midrender,,47.05882352941176
STARTUP,Vizly,,25.71428571428571
STARTUP,AgentCollect,,47.61904761904761
STARTUP,Aglide,,33.333333333333336
STARTUP,Fortuna Health,,45.0
STARTUP,Empirical Health,,45.0
STARTUP,LifestyleRx,,22.5
STARTUP,Glade,,51.42857142857142
STARTUP,CareOasis,,49.090909090909086
STARTUP,Guac,,36.0
STARTUP,Letter AI,,49.090909090909086
STARTUP,Continue,,42.85714285714286
STARTUP,Rimward,,26.66666666666667
STARTUP,sizeless,,25.0
STARTUP,Apoxy,,30.000000000000004
STARTUP,Yenmo,,36.36363636363637
STARTUP,Pincites,,42.85714285714286
STARTUP,MantleBio,,44.44444444444444
STARTUP,Trainy,,45.0
STARTUP,Studdy,,28.57142857142857
STARTUP,Kobalt Labs,,36.0
STARTUP,Gleam,,36.36363636363637
STARTUP,Bolto,,36.0
STARTUP,VaultPay,,35.29411764705882
STARTUP,Khoj,,45.0
STARTUP,Slicker,,25.0
STARTUP,Osium AI,,42.85714285714286
STARTUP,Energent AI,,60.00000000000001
STARTUP,Flint,,45.0
STARTUP,Converge,,28.57142857142857
STARTUP,Inlet,,45.0
STARTUP,Rankai,,50.0
STARTUP,Vango AI,,47.05882352941176
STARTUP,Sola,,40.0
STARTUP,Read Bean,,40.0
STARTUP,Automorphic,,60.0
STARTUP,Baserun,,30.76923076923077
STARTUP,SafetyKit,,33.333333333333336
STARTUP,VectorShift,,30.000000000000004
STARTUP,Envelope,,42.85714285714286
STARTUP,DisputeNinja,,60.00000000000001
STARTUP,Chatter,,37.5
STARTUP,Proof of Human,,38.0
STARTUP,Inari,,54.54545454545454
STARTUP,Andromeda Surgical,,51.42857142857142
STARTUP,Silimate,,23.529411764705888
STARTUP,Sweep,,60.00000000000001
STARTUP,sudocode,,28.57142857142857
STARTUP,Sendblue,,37.5
STARTUP,Fragment,,35.29411764705882
STARTUP,SyntheticFi,,50.0
STARTUP,Inventive AI,,54.0
STARTUP,Langdock,,47.05882352941176
STARTUP,Santé,,77.14285714285715
STARTUP,Movley,,33.333333333333336
STARTUP,Elythea,,30.76923076923077
STARTUP,Nanograb,,35.29411764705882
STARTUP,Pure,,51.42857142857142
STARTUP,HappyRobot,,31.57894736842105
STARTUP,Cedalio,,46.15384615384615
STARTUP,Certainly Health,,45.0
STARTUP,Terracotta AI,,45.0
STARTUP,Fiber AI,,42.85714285714286
STARTUP,RecipeUI,,42.85714285714286
STARTUP,Tiptap,,33.333333333333336
STARTUP,Smobi,,40.0
STARTUP,Minded,,57.14285714285714
STARTUP,Strada,,32.727272727272734
STARTUP,Quill Bills,,21.375
STARTUP,Eden Care,,45.0
STARTUP,ParadeDB,,37.5
STARTUP,Cair Health,,40.0
STARTUP,Line.Build,,33.333333333333336
STARTUP,Trayd,,36.0
STARTUP,Webhound,,37.5
STARTUP,dili,,36.0
STARTUP,Roame,,36.36363636363637
STARTUP,CheqUPI,,40.0
STARTUP,Cargo,,42.85714285714286
STARTUP,Kips Health,,45.0
STARTUP,Inconvo,,30.76923076923077
STARTUP,Shadeform,,35.29411764705882
STARTUP,FlowiseAI,,60.00000000000001
STARTUP,Affinity,,35.29411764705882
STARTUP,Saatvy,,40.0
STARTUP,Giga,,36.0
STARTUP,AiSDR,,45.0
STARTUP,Foundation,,50.0
STARTUP,Simbie AI,,54.0
STARTUP,Mocha,,40.0
STARTUP,Twine,,45.0
STARTUP,Structured Labs,,38.57142857142858
STARTUP,Nowadays,,28.57142857142857
STARTUP,Morph,,40.0
STARTUP,Constructable,,40.0
STARTUP,Wattson Health,,45.0
STARTUP,Glide,,51.42857142857142
STARTUP,Onward,,50.0
STARTUP,truemetrics,,40.0
STARTUP,Olio Labs,,40.0
STARTUP,Cognitio Labs,,49.090909090909086
STARTUP,Autotab,,37.5
STARTUP,Opensteer,,72.0
STARTUP,Singularity,,35.29411764705882
STARTUP,Tempo,,40.0
STARTUP,Cembla,,33.333333333333336
STARTUP,Coba,,40.0
STARTUP,Catamaran,,33.333333333333336
STARTUP,jo,,60.00000000000001
STARTUP,CodeStory,,36.0
STARTUP,Orbio Earth,,47.5
STARTUP,Feanix Biotechnologies,,49.090909090909086
STARTUP,Healthtech 1,,40.0
STARTUP,Letterbook,,31.57894736842105
STARTUP,Goldbridge,,33.333333333333336
STARTUP,Flex,,30.000000000000004
STARTUP,Onyx,,45.0
STARTUP,Lantern,,50.0
STARTUP,Driver,,32.727272727272734
STARTUP,Gumloop,,30.76923076923077
STARTUP,Event Horizon Labs,,50.0
STARTUP,Upsolve AI,,54.0
STARTUP,Navier AI,,54.0
STARTUP,DryMerge,,37.5
STARTUP,Relari,,50.0
STARTUP,Tesseral,,28.57142857142857
STARTUP,OpenPipe,,71.42857142857143
STARTUP,RadMate AI,,54.0
STARTUP,Scritch,,37.5
STARTUP,Legora,,33.333333333333336
STARTUP,ego,,45.0
STARTUP,Stitch Technologies,,38.57142857142858
STARTUP,Cora,,40.0
STARTUP,Greptile,,37.5
STARTUP,Ubicloud,,25.0
STARTUP,Happenstance,,60.00000000000001
STARTUP,Duckie,,28.57142857142857
STARTUP,ion design,,44.44444444444444
STARTUP,Tekton Dynamics,,45.0
STARTUP,Sonia,,54.54545454545454
STARTUP,Kabilah,,30.76923076923077
STARTUP,Tracecat,,35.29411764705882
STARTUP,Precip,,50.0
STARTUP,Nuanced,,37.5
STARTUP,Poka Labs,,38.0
STARTUP,Maia,,60.00000000000001
STARTUP,Andon Labs,,45.0
STARTUP,Reducto,,26.66666666666667
STARTUP,Momentic,,57.14285714285714
STARTUP,Tuesday Labs,,31.090909090909093
STARTUP,Saga AI,,30.76923076923077
STARTUP,Newton,,45.0
STARTUP,Quary,,36.0
STARTUP,malibou,,30.76923076923077
STARTUP,Alex,,36.0
STARTUP,Pretzel AI,,50.0
STARTUP,nCompass Technologies,,45.0
STARTUP,"Argon AI, Inc.",,57.14285714285714
STARTUP,Mango Health,,45.0
STARTUP,Garage,,32.727272727272734
STARTUP,Keystroke,,40.0
STARTUP,DGI Apparel,,34.2
STARTUP,Aidy,,60.00000000000001
STARTUP,Pivot Robotics,,50.0
STARTUP,Fractal Labs,,20.0
STARTUP,Agentic Labs,,47.61904761904761
STARTUP,Carousel Technologies,,41.53846153846154
STARTUP,Basalt,,40.0
STARTUP,Leaping,,53.333333333333336
STARTUP,Breez Labs,,30.000000000000004
STARTUP,Wavelength,,42.10526315789473
STARTUP,AveryIQ,,37.5
STARTUP,Patchwork,,45.0
STARTUP,PointOne,,37.5
STARTUP,Paradigm,,42.85714285714286
STARTUP,Arini,,51.42857142857142
STARTUP,FurtherAI,,54.0
STARTUP,ROE,,60.00000000000001
STARTUP,SuretyNow,,30.000000000000004
STARTUP,Octolane AI,,54.0
STARTUP,Artisan,,37.5
STARTUP,Simplex,,30.76923076923077
STARTUP,Eggnog,,33.333333333333336
STARTUP,Greenboard,,45.0
STARTUP,Ecliptor,,28.57142857142857
STARTUP,Trellis AI,,45.0
STARTUP,Topo,,60.00000000000001
STARTUP,Verse Therapy,,36.36363636363637
STARTUP,Panelytic,,55.55555555555556
STARTUP,Yoneda Labs,,46.63636363636363
STARTUP,SynsoryBio,,31.57894736842105
STARTUP,Copper Health,,49.090909090909086
STARTUP,Blume Benefits,,45.0
STARTUP,atopile,,62.5
STARTUP,PartnerHQ,,45.0
STARTUP,Tusk,,25.71428571428571
STARTUP,Engines,,46.15384615384615
STARTUP,OneGrep,,40.0
STARTUP,Selera Medical,,38.0
STARTUP,Lucite,,25.71428571428571
STARTUP,Attunement,,40.0
STARTUP,CloudCruise,,25.71428571428571
STARTUP,StarJar,,25.0
STARTUP,Meticulate,,36.0
STARTUP,Celest,,28.57142857142857
STARTUP,Glimmer,,15.384615384615385
STARTUP,Zaymo,,30.000000000000004
STARTUP,PromptArmor,,45.0
STARTUP,Respan,,45.0
STARTUP,Monumint,,42.85714285714286
STARTUP,Central,,46.15384615384615
STARTUP,Guide Labs,,30.000000000000004
STARTUP,Speck,,45.0
STARTUP,Polished,,37.5
STARTUP,LemonSlice,,45.0
STARTUP,Decipher AI,,49.090909090909086
STARTUP,Toolify,,37.5
STARTUP,Scout,,30.000000000000004
STARTUP,Consul,,33.333333333333336
STARTUP,Clarion,,37.5
STARTUP,Tamarind Bio,,48.857142857142854
STARTUP,GloGlo,,17.999999999999996
STARTUP,InQuery,,26.66666666666667
STARTUP,Infinity,,28.57142857142857
STARTUP,PandasAI,,57.14285714285714
STARTUP,sync.,,36.0
STARTUP,Vibrant Labs,,30.000000000000004
STARTUP,Parallel,,28.57142857142857
STARTUP,Fuse,,30.000000000000004
STARTUP,Feldy,,30.76923076923077
STARTUP,Firebender,,44.44444444444444
STARTUP,Resonance,,45.0
STARTUP,crmCopilot,,45.0
STARTUP,NanoCorp,,47.05882352941176
STARTUP,Centralize,,50.0
STARTUP,Salvy,,30.000000000000004
STARTUP,Aedilic,,37.5
STARTUP,Open,OpenAI,90.0
STARTUP,Wuri,,45.0
STARTUP,Pazi,,60.00000000000001
STARTUP,Solari AI,,46.63636363636363
STARTUP,Dime,,60.00000000000001
STARTUP,Ellipsis,,37.5
STARTUP,Metofico,,47.05882352941176
STARTUP,Draftaid,,37.5
STARTUP,CodeAnt AI,,62.5
STARTUP,Astro Mechanica,,51.42857142857142
STARTUP,Browser Buddy,,32.727272727272734
STARTUP,Sagaland,,25.0
STARTUP,Bilanc,,45.0
STARTUP,Superagent,,45.0
STARTUP,Preloop,,37.5
STARTUP,Carma,,36.0
STARTUP,Toma,,45.0
STARTUP,Whip,,45.0
STARTUP,Trieve,,45.0
STARTUP,Conduit,,46.15384615384615
STARTUP,Elodin,,42.85714285714286
STARTUP,Soundry AI,,50.0
STARTUP,Aftercare,,44.44444444444444
STARTUP,Shiboleth,,32.727272727272734
STARTUP,Hazel,,30.000000000000004
STARTUP,Andy AI,,46.15384615384615
STARTUP,Overeasy,,42.85714285714286
STARTUP,OffDeal,,46.15384615384615
STARTUP,Abel,,36.0
STARTUP,Voicepanel,,45.0
STARTUP,Opencall,,71.42857142857143
STARTUP,Clarum,,32.727272727272734
STARTUP,EdgeTrace,,35.29411764705882
STARTUP,Manifold Freight,,41.53846153846154
STARTUP,ProSights,,33.333333333333336
STARTUP,Centauri AI,,49.090909090909086
STARTUP,floatingpoint,,45.0
STARTUP,Raindrop,,58.82352941176471
STARTUP,Yondu,,51.42857142857142
STARTUP,HeartByte,,40.0
STARTUP,Diana,,51.42857142857142
STARTUP,Risotto,,25.0
STARTUP,ACX,,45.0
STARTUP,JustAI,,33.333333333333336
STARTUP,Circleback,,32.727272727272734
STARTUP,BetterBasket,,30.000000000000004
STARTUP,Model ML,,37.5
STARTUP,Artos,,45.0
STARTUP,Ligo Biosciences,,45.0
STARTUP,Oma Care,,33.529411764705884
STARTUP,Cleva,,36.36363636363637
STARTUP,Givefront,,40.0
STARTUP,Focal,,40.0
STARTUP,Brainbase Labs,,36.0
STARTUP,Sample,,33.333333333333336
STARTUP,Lumetric,,47.05882352941176
STARTUP,Alai,,60.00000000000001
STARTUP,Thorntale,,45.0
STARTUP,Deep24,,57.14285714285714
STARTUP,Triply,,45.0
STARTUP,Openmart,,71.42857142857143
STARTUP,Zep AI,,50.0
STARTUP,Velorum Therapeutics,,45.6
STARTUP,BiteSight,,30.000000000000004
STARTUP,Sonauto,,46.15384615384615
STARTUP,Shepherd,,37.5
STARTUP,Hatchet,,37.5
STARTUP,Stacksync,,33.333333333333336
STARTUP,Terrakotta,,36.0
STARTUP,Downlink,,42.85714285714286
STARTUP,Spark,,36.36363636363637
STARTUP,camelAI,,46.15384615384615
STARTUP,Rove,,51.42857142857142
STARTUP,Retell AI,,45.0
STARTUP,Ocular AI,,45.0
STARTUP,Adapted,,40.0
STARTUP,Vista Power,,36.0
STARTUP,Deepnight,,58.82352941176471
STARTUP,xPay,,45.0
STARTUP,Fileforge,,36.0
STARTUP,Aqua Voice,,42.10526315789473
STARTUP,Basepilot,,35.29411764705882
STARTUP,Fluently,,28.57142857142857
STARTUP,Miden,,60.00000000000001
STARTUP,Veles,,45.0
STARTUP,CommodityAI,,45.0
STARTUP,Marblism,,35.29411764705882
STARTUP,Datacurve,,33.333333333333336
STARTUP,Lumona,,50.0
STARTUP,Ryse,,30.000000000000004
STARTUP,Magic Hour,,40.0
STARTUP,Penciled,,57.14285714285714
STARTUP,Arcane,,45.0
STARTUP,Polar,,36.36363636363637
STARTUP,OpenFoundry,,72.0
STARTUP,Powder,,33.333333333333336
STARTUP,Eris Biotech,,40.0
STARTUP,Senso,,36.36363636363637
STARTUP,Silogy,,22.5
STARTUP,OddsView,,28.57142857142857
STARTUP,Spur,,30.000000000000004
STARTUP,Evolvere BioSciences,,45.0
STARTUP,Junction Bioscience,,45.0
STARTUP,Piramidal,,47.05882352941176
STARTUP,Reform,,32.727272727272734
STARTUP,CoCrafter,,33.333333333333336
STARTUP,TrueClaim,,45.0
STARTUP,Healia,,50.0
STARTUP,Haplotype Labs,,45.0
STARTUP,Granza Bio,,45.0
STARTUP,VoxOps AI,,60.00000000000001
STARTUP,Integuru,,35.29411764705882
STARTUP,Forge,,36.36363636363637
STARTUP,The New Money Company,,46.63636363636363
STARTUP,Latted,,40.0
STARTUP,renderlet,,40.0
STARTUP,Dragoneye,,35.29411764705882
STARTUP,Quivr,,25.71428571428571
STARTUP,Tower,,36.36363636363637
STARTUP,Mathos,,60.00000000000001
STARTUP,kater.ai,,47.05882352941176
STARTUP,CrowdVolt,,22.22222222222222
STARTUP,Blacksmith,,31.57894736842105
STARTUP,Yarn,,60.00000000000001
STARTUP,InspectMind AI,,57.0
STARTUP,Reprompt,,37.5
STARTUP,GetCrux,,25.0
STARTUP,Million,,40.0
STARTUP,RetailReady,,49.090909090909086
STARTUP,Dropback,,47.05882352941176
STARTUP,Forge Rewards,,33.75
STARTUP,Marr Labs,,22.5
STARTUP,K-Scale Labs,,30.000000000000004
STARTUP,Coval,,36.36363636363637
STARTUP,ParcelBio,,45.0
STARTUP,Ångström AI,,45.0
STARTUP,Indemni,,53.333333333333336
STARTUP,Ultra,,36.0
STARTUP,Abel Police,,40.0
STARTUP,Roger,,36.36363636363637
STARTUP,Miru,,45.0
STARTUP,Spherecast,,37.5
STARTUP,Apten,,54.54545454545454
STARTUP,Domu Technology Inc.,,32.727272727272734
STARTUP,Undermind,,70.58823529411764
STARTUP,Superunit,,60.00000000000001
STARTUP,Doublezero,,33.333333333333336
STARTUP,Variant,,37.5
STARTUP,Understood Care,,33.75
STARTUP,Cheers,,32.727272727272734
STARTUP,Mem0,,45.0
STARTUP,Glasskube,,25.71428571428571
STARTUP,Saphira AI,,45.0
STARTUP,Theseus,,26.66666666666667
STARTUP,Synnax,,33.333333333333336
STARTUP,Comfy Deploy,,38.57142857142858
STARTUP,Spaceium Inc,,42.85714285714286
STARTUP,Educato,,37.5
STARTUP,ProhostAI,,49.090909090909086
STARTUP,Pre,,60.00000000000001
STARTUP,Hamming AI,,49.090909090909086
STARTUP,mdhub,,40.0
STARTUP,ClaimSorted,,36.0
STARTUP,Entangl,,46.15384615384615
STARTUP,Codes Health,,36.0
STARTUP,Unsloth AI,,45.0
STARTUP,Random Labs,,30.000000000000004
STARTUP,DigitalCarbon,,45.0
STARTUP,Bayesline,,35.29411764705882
STARTUP,Flyflow,,15.384615384615385
STARTUP,Callback,,23.529411764705888
STARTUP,Tabula,,25.71428571428571
STARTUP,Invaria,,46.15384615384615
STARTUP,Hexclave,,28.57142857142857
STARTUP,Sage Care,,30.000000000000004
STARTUP,VideoGen,,50.0
STARTUP,Phonely,,30.76923076923077
STARTUP,Corgi Insurance,,41.53846153846154
STARTUP,Maitai,,40.0
STARTUP,Wordware,,28.57142857142857
STARTUP,Sorcerer,,28.57142857142857
STARTUP,FirstWork,,22.5
STARTUP,ideate.xyz,,36.0
STARTUP,Stardrift,,33.333333333333336
STARTUP,Decisional AI,,51.300000000000004
STARTUP,Leeroo,,32.727272727272734
STARTUP,Azalea Robotics Corporation,,50.0
STARTUP,RetroFix,,47.05882352941176
STARTUP,Unbound,,30.76923076923077
STARTUP,Hyrex,,36.0
STARTUP,Silurian,,25.0
STARTUP,Atum Works,,31.57894736842105
STARTUP,NetworkOcean,,49.090909090909086
STARTUP,Cloudglue,,26.66666666666667
STARTUP,Willow,,22.5
STARTUP,Rewbi,,36.36363636363637
STARTUP,Proxis,,49.090909090909086
STARTUP,Zuni,,51.42857142857142
STARTUP,Scape,,36.36363636363637
STARTUP,"DeepSim, Inc.",,66.66666666666667
STARTUP,Storia AI,,45.0
STARTUP,Offstream,,40.0
STARTUP,Elevate,,30.76923076923077
STARTUP,Lucible,,15.384615384615385
STARTUP,Dodo,,36.0
STARTUP,Ares Industries,,45.0
STARTUP,RunLocal AI,,45.0
STARTUP,CodeViz,,46.15384615384615
STARTUP,Parahelp,,35.29411764705882
STARTUP,Lore,,51.42857142857142
STARTUP,MinusX,,42.85714285714286
STARTUP,camfer,,32.727272727272734
STARTUP,Tivara,,32.727272727272734
STARTUP,Kenley,,33.333333333333336
STARTUP,Tandem,,45.0
STARTUP,Weave Robotics,,43.47826086956522
STARTUP,Gauge,,30.000000000000004
STARTUP,AminoAnalytica,,50.0
STARTUP,Dench.com,,42.75
STARTUP,Stormy,,32.727272727272734
STARTUP,AutoPallet Robotics,,51.42857142857142
STARTUP,Pulse,,36.36363636363637
STARTUP,Plume,,36.36363636363637
STARTUP,LedgerUp,,37.5
STARTUP,d_model,,40.0
STARTUP,Modus,,40.0
STARTUP,Lighthouz AI,,45.0
STARTUP,Mito Health,,45.0
STARTUP,The Synthesis Company,,50.0
STARTUP,Substrate,,25.71428571428571
STARTUP,TaxGPT,,40.0
STARTUP,Fazeshift,,33.333333333333336
STARTUP,Benchify,,42.85714285714286
STARTUP,Anthrogen,,66.66666666666667
STARTUP,Kopra Bio,,53.333333333333336
STARTUP,Kastle,,40.0
STARTUP,CreativeMode,,45.0
STARTUP,Conveo,,33.333333333333336
STARTUP,cmux,,36.0
STARTUP,Panora,,50.0
STARTUP,Aluna,,51.42857142857142
STARTUP,Ontra Mobility,,50.0
STARTUP,Promi,,54.0
STARTUP,Overstand Labs,,40.0
STARTUP,expand.ai,,53.333333333333336
STARTUP,Clearly AI,,45.0
STARTUP,Saturn,,49.090909090909086
STARTUP,Zoa Research,,42.75
STARTUP,ReactWise,,45.0
STARTUP,1849 bio,,14.28571428571429
STARTUP,Vibe,,36.0
STARTUP,FINNY AI,,42.85714285714286
STARTUP,MagiCode,,37.5
STARTUP,"Hestus, Inc.",,20.0
STARTUP,Anara,,54.0
STARTUP,Planbase,,42.85714285714286
STARTUP,Redouble AI,,54.0
STARTUP,Dimely,,28.57142857142857
STARTUP,Sharpe,,45.0
STARTUP,Drillbit,,25.0
STARTUP,deepsilicon,,63.1578947368421
STARTUP,Seals AI,,42.85714285714286
STARTUP,Biocartesian,,41.53846153846154
STARTUP,winfunc,,26.66666666666667
STARTUP,Opslane,,46.15384615384615
STARTUP,Autumn Labs,,30.000000000000004
STARTUP,Conductor Quantum,,40.0
STARTUP,Pax,,45.0
STARTUP,Stempad,,40.0
STARTUP,BeeBettor,,23.529411764705888
STARTUP,David AI,,37.5
STARTUP,Mage Legal,,36.0
STARTUP,Distro,,45.0
STARTUP,Remade,,42.85714285714286
STARTUP,Piggy Robotics,,45.0
STARTUP,Zeit AI,,46.15384615384615
STARTUP,Emergent,,37.5
STARTUP,Kura AI,,30.76923076923077
STARTUP,Thunder Compute,,45.0
STARTUP,Ember Robotics,,42.35294117647059
STARTUP,Pinnacle,,42.85714285714286
STARTUP,Intryc,,53.333333333333336
STARTUP,Parley,,33.333333333333336
STARTUP,Soff,,36.0
STARTUP,Mineflow,,37.5
STARTUP,Brighterway,,32.727272727272734
STARTUP,SchemeFlow,,22.5
STARTUP,Zettascale,,32.727272727272734
STARTUP,Praxos,,33.333333333333336
STARTUP,The Forecasting Company,,46.63636363636363
STARTUP,Presti AI,,53.333333333333336
STARTUP,Cerulion,,37.5
STARTUP,Laminar,,40.0
STARTUP,Guardian RF,,31.57894736842105
STARTUP,Sensei,,50.0
STARTUP,Simple AI,,60.00000000000001
STARTUP,Palmier,,46.15384615384615
STARTUP,Lilac Labs,,30.0
STARTUP,Refactor,,35.29411764705882
STARTUP,Paasa,,36.36363636363637
STARTUP,YouShift,,28.57142857142857
STARTUP,Cartage,,25.0
STARTUP,Sonatoria,,54.0
STARTUP,RiskAngle,,25.71428571428571
STARTUP,Baseline AI,,54.0
STARTUP,Odo,,45.0
STARTUP,Finosu,,30.000000000000004
STARTUP,Haystack,,35.29411764705882
STARTUP,&AI,OpenAI,90.0
STARTUP,Helium,,33.333333333333336
STARTUP,HeroUI,,60.00000000000001
STARTUP,Rescript,,28.57142857142857
STARTUP,Ionworks,,28.57142857142857
STARTUP,Thyme,,40.0
STARTUP,Handled,,40.0
STARTUP,Dataleap,,37.5
STARTUP,Starcloud,,33.333333333333336
STARTUP,Bluedoor,,25.0
STARTUP,ZeroPath,,42.85714285714286
STARTUP,Argil,,42.85714285714286
STARTUP,Vendra,,50.0
STARTUP,Propaya,,46.15384615384615
STARTUP,Entropy,,62.5
STARTUP,Weel,,51.42857142857142
STARTUP,Kontigo,,46.15384615384615
STARTUP,Polymet,,30.76923076923077
STARTUP,omnidock,,42.85714285714286
STARTUP,autarc,,53.333333333333336
STARTUP,Assembly HOA,,45.0
STARTUP,Sepal AI,,42.85714285714286
STARTUP,Orca Client,,40.0
STARTUP,Draft The Record,,40.0
STARTUP,Moreta,,50.0
STARTUP,Typa,,45.0
STARTUP,Quetzal,,30.76923076923077
STARTUP,Rastro,,60.00000000000001
STARTUP,Voker,,36.36363636363637
STARTUP,TradeFlow,,33.333333333333336
STARTUP,RentFlow,,35.29411764705882
STARTUP,pap!,,45.0
STARTUP,Blaze,,30.000000000000004
STARTUP,Elayne,,45.0
STARTUP,Oway,,40.0
STARTUP,Bucket Robotics,,50.0
STARTUP,Saldor,,32.727272727272734
STARTUP,Usul,,0.0
STARTUP,SureBright,,30.000000000000004
STARTUP,"Diode Computers, Inc.",,45.0
STARTUP,Dayflow,,25.0
STARTUP,No Logo,,29.230769230769234
STARTUP,Keet,,51.42857142857142
STARTUP,et al.,,42.75
STARTUP,Pharos,,45.0
STARTUP,Vera Health,,38.0
STARTUP,Pipeshift,,45.0
STARTUP,Rowboat Labs,,38.0
STARTUP,Ficra,,51.42857142857142
STARTUP,Hey Revia,,36.0
STARTUP,Henry,,36.36363636363637
STARTUP,BrowserOS,,30.000000000000004
STARTUP,XTraffic,,47.05882352941176
STARTUP,Anglera,,37.5
STARTUP,Uncommon Therapeutics,,50.0
STARTUP,Void,,51.42857142857142
STARTUP,Capitol AI,,49.090909090909086
STARTUP,Overlap,,46.15384615384615
STARTUP,Formula Insight,,33.75
STARTUP,Mica AI,,35.625
STARTUP,Village Labs,,30.000000000000004
STARTUP,Patched,,37.5
STARTUP,OrgOrg,,32.727272727272734
STARTUP,Affil.ai,,28.57142857142857
STARTUP,Arva AI,,37.5
STARTUP,Freestyle,,25.71428571428571
STARTUP,Merlin AI,,54.0
STARTUP,SimCare,,25.0
STARTUP,Midship,,40.0
STARTUP,Bits to Atoms,,34.54545454545455
STARTUP,PathPilot,,55.55555555555556
STARTUP,Exin Therapeutics,,53.84615384615385
STARTUP,Syntra,,49.090909090909086
STARTUP,Delineate,,47.05882352941176
STARTUP,Conductor,,40.0
STARTUP,DreamRP,,40.0
STARTUP,Outerport,,36.0
STARTUP,Onlook,,33.333333333333336
STARTUP,Clarus,,32.727272727272734
STARTUP,Zeroframe,,30.000000000000004
STARTUP,Riveter,,26.66666666666667
STARTUP,Galini,,45.0
STARTUP,Avora,,36.36363636363637
STARTUP,Invo,,51.42857142857142
STARTUP,telli,,36.36363636363637
STARTUP,Symphony,,28.57142857142857
STARTUP,Streamable,,32.727272727272734
STARTUP,Crouton,,30.76923076923077
STARTUP,Durate,,40.0
STARTUP,Gait,,60.00000000000001
STARTUP,Moonset Health,,41.53846153846154
STARTUP,Candle,,45.0
STARTUP,Getcho,,45.0
STARTUP,Darkgrade,,25.71428571428571
STARTUP,Openbenchmarks,,72.0
STARTUP,HealthSpark,,40.0
STARTUP,Rulebase,,28.57142857142857
STARTUP,Afternoon.co,,47.61904761904761
STARTUP,Lightscreen AI,,65.45454545454547
STARTUP,Raycaster,,33.333333333333336
STARTUP,supercontrast,,45.0
STARTUP,Revyl,,25.71428571428571
STARTUP,Vortexify,,45.0
STARTUP,Vespper,,30.76923076923077
STARTUP,Sandra AI,,45.0
STARTUP,Archil,,40.0
STARTUP,Cekura,,33.333333333333336
STARTUP,Endstack,,42.85714285714286
STARTUP,Matcha,,54.0
STARTUP,Reticular,,36.0
STARTUP,Smooth,,36.0
STARTUP,attimet,,37.5
STARTUP,ISSEN,,45.0
STARTUP,General Learning,,45.0
STARTUP,CTGT,,36.0
STARTUP,RiskCube,,35.29411764705882
STARTUP,Keye,,51.42857142857142
STARTUP,Luthor,,49.090909090909086
STARTUP,Sphinx,,42.85714285714286
STARTUP,Lingo.dev,,44.70588235294118
STARTUP,Karmen,,45.0
STARTUP,Freebuff,,25.0
STARTUP,HYBRD,,36.0
STARTUP,Charm,,36.0
STARTUP,Unusual,,30.76923076923077
STARTUP,Beglaubigt.de,,36.0
STARTUP,Stewdio,,30.76923076923077
STARTUP,Pearson Labs,,60.00000000000001
STARTUP,vly.ai,,33.333333333333336
STARTUP,Tiny,,51.42857142857142
STARTUP,Crustdata,,25.71428571428571
STARTUP,AutoComputer,,45.0
STARTUP,Abundant,,35.29411764705882
STARTUP,Moonshine,,45.0
STARTUP,Dexter,,42.85714285714286
STARTUP,Curo,,45.0
STARTUP,Autumn,,45.0
STARTUP,Gecko Security,,30.000000000000004
STARTUP,PermitPortal,,49.090909090909086
STARTUP,Fresco,,32.727272727272734
STARTUP,Origami,,46.15384615384615
STARTUP,CollectWise,,35.29411764705882
STARTUP,Consus,,33.333333333333336
STARTUP,Capy,,36.0
STARTUP,Innate,,40.0
STARTUP,Gander,,49.090909090909086
STARTUP,Alex,,36.0
STARTUP,Kilvin,,28.57142857142857
STARTUP,Diffusion Studio,,36.0
STARTUP,Metreecs,,35.29411764705882
STARTUP,Revi,,45.0
STARTUP,ArchiLabs,,33.333333333333336
STARTUP,Sunset,,40.0
STARTUP,Surge,,25.71428571428571
STARTUP,Struct,,40.0
STARTUP,FutureClinic,,45.0
STARTUP,Forerunner AI,,52.63157894736843
STARTUP,x1,,0.0
STARTUP,Vaya,,36.0
STARTUP,Melder,,28.57142857142857
STARTUP,Ryvn,,30.000000000000004
STARTUP,Laminar,,40.0
STARTUP,Freestyle,,25.71428571428571
STARTUP,Relvy AI,,42.85714285714286
STARTUP,Ember,,45.0
STARTUP,Canvas,,45.0
STARTUP,Careforce,,44.44444444444444
STARTUP,Synth,,60.00000000000001
STARTUP,Roundabout Technologies,,45.0
STARTUP,Loombotic,,36.0
STARTUP,HumanLayer,,31.57894736842105
STARTUP,Apolink,,40.0
STARTUP,Asha Health,,32.727272727272734
STARTUP,Quantstruct,,50.0
STARTUP,Edexia,,42.85714285714286
STARTUP,Enhanced Radar,,54.0
STARTUP,Aviro,,42.85714285714286
STARTUP,Revise Robotics,,42.35294117647059
STARTUP,Outship,,37.5
STARTUP,Bild AI,,30.76923076923077
STARTUP,Candor,,49.090909090909086
STARTUP,Vetnio,,50.0
STARTUP,Leaping AI,,50.0
STARTUP,Flowtel,,30.76923076923077
STARTUP,Tweeks.io,,35.29411764705882
STARTUP,Excellence Learning,,45.0
STARTUP,Praxim,,50.0
STARTUP,Hey Telo,,25.0
STARTUP,SubImage,,14.28571428571429
STARTUP,Steinmetz,,36.0
STARTUP,Partcl,,40.0
STARTUP,Axiom,,36.36363636363637
STARTUP,Bud,,45.0
STARTUP,Splash Inc.,,36.0
STARTUP,Stamp,,36.0
STARTUP,Alice.tech,,40.0
STARTUP,Dollyglot,,22.5
STARTUP,awen,,60.00000000000001
STARTUP,Karoo,,42.85714285714286
STARTUP,Dartboard,,36.0
STARTUP,Astro,,57.14285714285714
STARTUP,Vocality Health,,47.5
STARTUP,Subtrace,,35.29411764705882
STARTUP,Scout,,30.000000000000004
STARTUP,Promptless,,45.0
STARTUP,Closure,,30.76923076923077
STARTUP,Conntour,,35.29411764705882
STARTUP,superglue,,36.0
STARTUP,Truffle AI,,54.0
STARTUP,Ovlo,,36.0
STARTUP,Contrario,,53.333333333333336
STARTUP,Sublingual,,32.727272727272734
STARTUP,Rocketable,,45.0
STARTUP,Toothy AI,,45.0
STARTUP,Verbiflow,,32.727272727272734
STARTUP,A1Zap by A1Base,,30.000000000000004
STARTUP,Altrina,,50.0
STARTUP,a0.dev,,28.57142857142857
STARTUP,Maritime Fusion,,45.0
STARTUP,Trava,,36.0
STARTUP,Elip AI,,46.15384615384615
STARTUP,Caseflood.ai,,49.090909090909086
STARTUP,Weave,,45.0
STARTUP,Maive,,40.0
STARTUP,SalesPatriot,,45.0
STARTUP,Paragon,,37.5
STARTUP,careCycle,,33.333333333333336
STARTUP,Inversion Semiconductor,,56.25
STARTUP,Adam,,36.0
STARTUP,Rally,,30.000000000000004
STARTUP,Tergle,,32.727272727272734
STARTUP,Trim,,46.15384615384615
STARTUP,Amby Health,,32.727272727272734
STARTUP,Cardamon,,37.5
STARTUP,Bezel,,45.0
STARTUP,ZeroEntropy,,50.0
STARTUP,Oki,,60.00000000000001
STARTUP,Cifrato,,37.5
STARTUP,Mosaic,,54.0
STARTUP,Swerve,,28.57142857142857
STARTUP,Osmosis,,30.76923076923077
STARTUP,Operand,,61.53846153846154
STARTUP,HealthKey,,40.0
STARTUP,10x,,0.0
STARTUP,Mecha Health,,38.0
STARTUP,Cuckoo Labs,,30.000000000000004
STARTUP,finbar,,33.333333333333336
STARTUP,HUD,,45.0
STARTUP,Olive,,40.0
STARTUP,PAX Markets,,45.0
STARTUP,Pave Robotics,,45.45454545454546
STARTUP,Gale,,36.0
STARTUP,Asteroid,,58.82352941176471
STARTUP,Macadamia,,36.0
STARTUP,Lucid,,45.0
STARTUP,Pickle,,60.00000000000001
STARTUP,Bindwell,,37.5
STARTUP,Stillwind,,35.29411764705882
STARTUP,Harbera,,30.76923076923077
STARTUP,Cenote,,40.0
STARTUP,Lopus,,40.0
STARTUP,AthenaHQ,,42.85714285714286
STARTUP,Liquid Compute,,45.0
STARTUP,G LNK,,25.71428571428571
STARTUP,Mundo AI,,42.85714285714286
STARTUP,Lucidic AI,,45.0
STARTUP,Candor,,49.090909090909086
STARTUP,Trata,,45.0
STARTUP,Solidroad,,40.0
STARTUP,General Trajectory,,45.0
STARTUP,ReJot,,36.0
STARTUP,Agentin AI,,54.0
STARTUP,Bystreet,,25.0
STARTUP,Waypoint Transit,,40.0
STARTUP,Riviera,,30.76923076923077
STARTUP,Confident AI,,60.00000000000001
STARTUP,Exla,,45.0
STARTUP,Karsa,,36.0
STARTUP,Nitrode,,50.0
STARTUP,Calltree,,35.29411764705882
STARTUP,Harper,,45.0
STARTUP,Tire Swing,,33.333333333333336
STARTUP,Outlit,,36.0
STARTUP,Mesh,,30.000000000000004
STARTUP,Orbital Operations,,62.18181818181819
STARTUP,Sennu AI,,57.14285714285714
STARTUP,Infinite,,28.57142857142857
STARTUP,Peppr AI,,57.14285714285714
STARTUP,OpenIntake,,81.81818181818181
STARTUP,Artificial Societies,,45.0
STARTUP,Miyagi Labs,,38.0
STARTUP,Fuse AI,,46.15384615384615
STARTUP,Misprint,,37.5
STARTUP,AfterQuery,,31.57894736842105
STARTUP,Mastra,,49.090909090909086
STARTUP,Forge Automation,,45.0
STARTUP,Archon,,45.0
STARTUP,Retrofit,,47.05882352941176
STARTUP,Pinch,,67.5
STARTUP,Optifye.ai,,62.5
STARTUP,Reditus Space,,36.0
STARTUP,Permitify,,49.090909090909086
STARTUP,Wildcard,,25.0
STARTUP,Corsair,,46.15384615384615
STARTUP,Proception Inc,,45.0
STARTUP,Woz,,45.0
STARTUP,Spott,,22.5
STARTUP,Rebolt,,32.727272727272734
STARTUP,Roark,,36.36363636363637
STARTUP,Dalus,,30.000000000000004
STARTUP,Waffle,,25.71428571428571
STARTUP,TensorPool,,40.0
STARTUP,Bluebook,,14.28571428571429
STARTUP,Butter,,32.727272727272734
STARTUP,Atlog,,45.0
STARTUP,Paratus Health,,45.0
STARTUP,CopyCat,,46.15384615384615
STARTUP,Ergo,,45.0
STARTUP,TamLabs,,15.384615384615385
STARTUP,Browser Use,,30.000000000000004
STARTUP,Cedar,,36.36363636363637
STARTUP,Tee Time Tommy,,38.57142857142858
STARTUP,Mercura,,30.76923076923077
STARTUP,Instinct Space,,45.0
STARTUP,SAMMY Labs,,22.5
STARTUP,TrainLoop,,45.0
STARTUP,Dex,,72.0
STARTUP,Monte,,45.0
STARTUP,Axal,,36.0
STARTUP,Artifact,,47.05882352941176
STARTUP,assistant-ui,,38.095238095238095
STARTUP,Fira,,36.0
STARTUP,Vantel,,60.00000000000001
STARTUP,Ambral,,32.727272727272734
STARTUP,BlindPay,,37.5
STARTUP,Wayline,,30.76923076923077
STARTUP,Mentra,,50.0
STARTUP,Blaxel,,25.71428571428571
STARTUP,QFEX,,30.000000000000004
STARTUP,Red Barn Robotics,,50.0
STARTUP,Chestnut,,28.57142857142857
STARTUP,Frekil,,33.333333333333336
STARTUP,Plexe,,45.0
STARTUP,Kashikoi,,47.05882352941176
STARTUP,Aravolta,,35.29411764705882
STARTUP,Vybe,,30.000000000000004
STARTUP,nao Labs,,33.529411764705884
STARTUP,BitBoard,,28.57142857142857
STARTUP,Golf,,36.0
STARTUP,Autostep,,47.05882352941176
STARTUP,cubic,,51.42857142857142
STARTUP,Bloom,,20.0
STARTUP,Serafis,,46.15384615384615
STARTUP,Avallon AI,,65.45454545454547
STARTUP,GroundControl,,36.36363636363637
STARTUP,Kanava AI,,45.0
STARTUP,Minerva,,40.0
STARTUP,Cua,,45.0
STARTUP,Synthio Labs,,45.23809523809524
STARTUP,Galen AI,,57.14285714285714
STARTUP,neoncoral,,45.0
STARTUP,Auctor,,49.090909090909086
STARTUP,Ralo,,45.0
STARTUP,Acolite,,37.5
STARTUP,Capacitive,,45.0
STARTUP,Claim Health,,36.0
STARTUP,Almond,,45.0
STARTUP,Feyn,,45.0
STARTUP,HelixDB,,40.0
STARTUP,The Robot Learning Company,,48.0
STARTUP,Zeon Systems,,42.75
STARTUP,Alpha Research,,41.53846153846154
STARTUP,Kaelio,,33.333333333333336
STARTUP,Beluga,,33.333333333333336
STARTUP,Clarm,,36.0
STARTUP,Sim,,45.0
STARTUP,stratify,,35.29411764705882
STARTUP,Hanji,,51.42857142857142
STARTUP,Units,,45.0
STARTUP,Percival,,42.85714285714286
STARTUP,Mbodi AI,,42.85714285714286
STARTUP,Kirana AI,,49.090909090909086
STARTUP,Caucus,,26.66666666666667
STARTUP,PgDog,,36.0
STARTUP,Attune,,45.0
STARTUP,Kestral,,30.76923076923077
STARTUP,Bluejay,,30.76923076923077
STARTUP,Better Auth,,38.0
STARTUP,Parsewise,,45.0
STARTUP,Refresh,,26.66666666666667
STARTUP,Paper Instruments,,45.0
STARTUP,Tinfoil,,37.5
STARTUP,Trapeze,,37.5
STARTUP,Jeevy Fabrication,,45.6
STARTUP,Chiron,,45.0
STARTUP,VoiceOS,,37.5
STARTUP,Combinely,,35.29411764705882
STARTUP,Freesolo,,25.0
STARTUP,Tegore,,33.333333333333336
STARTUP,Sixtyfour,,22.5
STARTUP,Photonium,,49.090909090909086
STARTUP,Labric,,53.333333333333336
STARTUP,Opusense AI,,70.58823529411764
STARTUP,Clidey,,28.57142857142857
STARTUP,HABIT,,45.0
STARTUP,Kaizen,,45.0
STARTUP,Ticket Wallet,,30.000000000000004
STARTUP,RunRL,,36.0
STARTUP,Morphik,,46.15384615384615
STARTUP,Nomi,,51.42857142857142
STARTUP,Casco,,30.000000000000004
STARTUP,Crimson,,30.76923076923077
STARTUP,Flott HQ,,23.529411764705888
STARTUP,Lucis,,30.000000000000004
STARTUP,throxy,,60.00000000000001
STARTUP,Anana,,51.42857142857142
STARTUP,IRBC,,60.00000000000001
STARTUP,Theta,,40.0
STARTUP,Novoflow,,23.529411764705888
STARTUP,Prism,,45.0
STARTUP,Nixo,,51.42857142857142
STARTUP,QualGent,,35.29411764705882
STARTUP,Human Behavior,,45.0
STARTUP,Alkali,,33.333333333333336
STARTUP,Besimple AI,,60.00000000000001
STARTUP,Cartpole,,35.29411764705882
STARTUP,NODI Energy,,45.0
STARTUP,Vesence,,40.0
STARTUP,Third Chair,,40.0
STARTUP,Klavis AI,,45.0
STARTUP,ParaQuery,,45.0
STARTUP,Sygaldry Technologies,,33.333333333333336
STARTUP,Boost Robotics,,50.0
STARTUP,Cactus Compute,,45.0
STARTUP,Vassar Robotics,,42.75
STARTUP,MorphoAI,,57.14285714285714
STARTUP,Eloquent AI,,60.00000000000001
STARTUP,Scalar Field,,32.727272727272734
STARTUP,Libretto,,23.529411764705888
STARTUP,Bramante,,35.29411764705882
STARTUP,ValueMate,,32.727272727272734
STARTUP,Orchid,,36.0
STARTUP,Hemut,,36.0
STARTUP,Synthetic Society,,53.4375
STARTUP,Kairos,,45.0
STARTUP,Naïve,,36.36363636363637
STARTUP,Mesmer,,28.57142857142857
STARTUP,chrt,,45.0
STARTUP,MindFort,,50.0
STARTUP,Probo,,36.0
STARTUP,Adentris,,58.82352941176471
STARTUP,Rimba,,36.0
STARTUP,Moby Analytics,,50.294117647058826
STARTUP,Nimbic AI,,45.0
STARTUP,Pelica,,60.00000000000001
STARTUP,Cotool,,30.000000000000004
STARTUP,Propolis,,47.05882352941176
STARTUP,Den,,72.0
STARTUP,mlop,,60.00000000000001
STARTUP,Lumari,,40.0
STARTUP,Code Four,,36.0
STARTUP,Vision Lab,,45.0
STARTUP,Cactus,,40.0
STARTUP,Wavedash,,28.57142857142857
STARTUP,StarSling,,33.333333333333336
STARTUP,Text.ai,,46.15384615384615
STARTUP,Theorem,,40.0
STARTUP,Airweave,,28.57142857142857
STARTUP,sieve,,45.0
STARTUP,Blueshoe,,28.57142857142857
STARTUP,Bond,,60.00000000000001
STARTUP,Cascade Space,,36.0
STARTUP,Aegis,,36.36363636363637
STARTUP,BitPatrol,,44.44444444444444
STARTUP,Godela,,50.0
STARTUP,Foundation Industries,,45.0
STARTUP,Sureform,,25.0
STARTUP,Docket,,36.0
STARTUP,Cohesive,,42.85714285714286
STARTUP,Preseen,,46.15384615384615
STARTUP,Fifth Door,,31.57894736842105
STARTUP,Pingo,,54.0
STARTUP,Autonomous Technologies Group,,42.75
STARTUP,Prox,,45.0
STARTUP,Adaptional,,54.0
STARTUP,GETASAP,,30.76923076923077
STARTUP,Meteor,,32.727272727272734
STARTUP,Closera,,46.15384615384615
STARTUP,Parametric,,52.63157894736843
STARTUP,Dedalus Labs,,49.090909090909086
STARTUP,Acrely,,32.727272727272734
STARTUP,The Prompting Company,,50.0
STARTUP,MangoDesk,,35.29411764705882
STARTUP,Halluminate,,36.0
STARTUP,TraceRoot.AI,,49.090909090909086
STARTUP,AgentMail,,60.00000000000001
STARTUP,truthsystems,,32.727272727272734
STARTUP,Blank Bio,,33.333333333333336
STARTUP,Astor,,54.0
STARTUP,Lanesurf,,35.29411764705882
STARTUP,args,,36.0
STARTUP,Golpo,,40.0
STARTUP,Shor,,45.0
STARTUP,Bidflow,,26.66666666666667
STARTUP,Liva AI,,30.76923076923077
STARTUP,Playgent,,42.85714285714286
STARTUP,Verne Robotics,,43.47826086956522
STARTUP,LLM Stats,,22.22222222222222
STARTUP,ContextFort,,40.0
STARTUP,Datafruit,,44.44444444444444
STARTUP,Topological,,50.0
STARTUP,Lark,,36.0
STARTUP,Null Labs,,26.66666666666667
STARTUP,bitrig,,45.0
STARTUP,"Galactic Resource Utilization Space, Inc. (GRU Space)",,45.0
STARTUP,EffiGov,,30.76923076923077
STARTUP,Design Arena,,60.00000000000001
STARTUP,Lotas,,36.36363636363637
STARTUP,Signals,,30.76923076923077
STARTUP,Monarcha,,42.85714285714286
STARTUP,Overdrive Health,,41.53846153846154
STARTUP,Orange Slice,,40.0
STARTUP,Nuntius,,37.5
STARTUP,Wafer,,36.0
STARTUP,Panels,,45.0
STARTUP,Humwork,,25.0
STARTUP,Cyberdesk,,23.529411764705888
STARTUP,Janet AI,,47.05882352941176
STARTUP,Lilac,,51.42857142857142
STARTUP,Imprezia,,42.85714285714286
STARTUP,Alter,,54.0
STARTUP,OnDeck AI,,53.333333333333336
STARTUP,Async,,51.42857142857142
STARTUP,Frizzle,,25.0
STARTUP,DeepGrove,,47.05882352941176
STARTUP,Nori,,51.42857142857142
STARTUP,Proliferate,,35.29411764705882
STARTUP,Magnitude,,35.29411764705882
STARTUP,Stockline,,33.333333333333336
STARTUP,DeepAware AI (Robotics Center of Silicon Valley),,60.00000000000001
STARTUP,Tesora,,33.333333333333336
STARTUP,Kestroll,,35.29411764705882
STARTUP,Pangolin,,47.05882352941176
STARTUP,CareSwift,,33.333333333333336
STARTUP,Wedge,,51.42857142857142
STARTUP,Slashy,,36.0
STARTUP,cocreate,,42.85714285714286
STARTUP,Panoptive,,55.55555555555556
STARTUP,Induction Labs,,49.090909090909086
STARTUP,Nexa Labs,,38.0
STARTUP,BootLoop,,35.29411764705882
STARTUP,Stellon Labs,,45.0
STARTUP,Kalinda,,40.0
STARTUP,Riverbank,,30.000000000000004
STARTUP,Conviction,,49.090909090909086
STARTUP,Theora,,49.090909090909086
STARTUP,Doe,,72.0
STARTUP,IronLedger.ai,,49.090909090909086
STARTUP,OneStop,,50.0
STARTUP,Trace,,42.85714285714286
STARTUP,Fulcrum,,13.33333333333333
STARTUP,b12 Labs,,14.28571428571429
STARTUP,Flai,,60.00000000000001
STARTUP,Embedder,,37.5
STARTUP,Costream,,42.85714285714286
STARTUP,Epicenter,,47.05882352941176
STARTUP,Channel3,,23.529411764705888
STARTUP,GhostEye,,28.57142857142857
STARTUP,Normal,,33.333333333333336
STARTUP,Comena,,66.66666666666667
STARTUP,VibeFlow,,14.28571428571429
STARTUP,Nozomio,,37.5
STARTUP,Mimos,,40.0
STARTUP,TwentyTwo,,36.0
STARTUP,Physical Turing,,40.0
STARTUP,Albacore Inc.,,28.57142857142857
STARTUP,Solva,,36.36363636363637
STARTUP,Phases,,33.333333333333336
STARTUP,Perseus Defense,,52.61538461538461
STARTUP,Novaflow,,28.57142857142857
STARTUP,Manufact,,35.29411764705882
STARTUP,Char,,45.0
STARTUP,Relling,,40.0
STARTUP,Motives,,30.76923076923077
STARTUP,Autumn AI,,54.0
STARTUP,Finto,,54.0
STARTUP,Iron Grid,,45.0
STARTUP,ProcIndex,,47.05882352941176
STARTUP,Autosana,,42.85714285714286
STARTUP,Knowlify,,35.29411764705882
STARTUP,Omnara,,50.0
STARTUP,Miso Labs,,30.000000000000004
STARTUP,Risely AI,,45.0
STARTUP,Minimal AI,,45.0
STARTUP,Socratix AI,,45.0
STARTUP,Alara,,36.0
STARTUP,OS3,,45.0
STARTUP,Floot,,22.5
STARTUP,idler,,51.42857142857142
STARTUP,Maximal,,30.76923076923077
STARTUP,Humoniq,,46.15384615384615
STARTUP,Nautilus,,42.85714285714286
STARTUP,Avelis Health,,32.727272727272734
STARTUP,Evergrove,,40.0
STARTUP,PARES AI,,57.14285714285714
STARTUP,Foresight,,45.0
STARTUP,Altur,,54.0
STARTUP,Quotain,,46.15384615384615
STARTUP,Metis,,40.0
STARTUP,F4 Industries,,38.57142857142858
STARTUP,Sira,,36.0
STARTUP,Opennote,,57.14285714285714
STARTUP,SigmanticAI,,50.0
STARTUP,Convexia,,42.85714285714286
STARTUP,Pleom,,36.36363636363637
STARTUP,Fernstone,,40.0
STARTUP,Locata,,40.0
STARTUP,Pally,,36.36363636363637
STARTUP,Notte,,45.0
STARTUP,Hera,,45.0
STARTUP,Certus AI,,45.0
STARTUP,Reacher,,37.5
STARTUP,KERNEL,,33.333333333333336
STARTUP,Rebulk,,16.666666666666664
STARTUP,Pollen,,50.0
STARTUP,Okibi,,40.0
STARTUP,Juxta,,30.000000000000004
STARTUP,Button Computer,,45.0
STARTUP,Flywheel AI,,49.090909090909086
STARTUP,stagewise,,32.727272727272734
STARTUP,CLODO,,30.000000000000004
STARTUP,Fleetline,,47.05882352941176
STARTUP,Magnetic,,58.82352941176471
STARTUP,Modelence,,47.05882352941176
STARTUP,Perspectives Health,,45.0
STARTUP,Smartbase,,25.71428571428571
STARTUP,Duranium,,35.29411764705882
STARTUP,TectoAI,,46.15384615384615
STARTUP,RowFlow,,25.0
STARTUP,Munify,,33.333333333333336
STARTUP,Interfere,,33.333333333333336
STARTUP,Spotlight Realty,,38.0
STARTUP,Bizzy AI,,28.57142857142857
STARTUP,Vulcan Technologies,,50.0
STARTUP,NOSO LABS,,31.666666666666668
STARTUP,Sapien,,50.0
STARTUP,Veritus,,30.76923076923077
STARTUP,Ruvo,,45.0
STARTUP,Avent,,67.5
STARTUP,burnt,,45.0
STARTUP,Freya,,36.36363636363637
STARTUP,Luminal,,40.0
STARTUP,RealRoots,,40.0
STARTUP,Uplift AI,,45.0
STARTUP,Paloma,,33.333333333333336
STARTUP,Mixy,,45.0
STARTUP,Blue,,30.000000000000004
STARTUP,Digipals,,28.57142857142857
STARTUP,Nox Metals,,37.5
STARTUP,Efference,,36.0
STARTUP,Lapis,,45.0
STARTUP,Semiotic,,37.5
STARTUP,Remedy,,42.85714285714286
STARTUP,F2,,0.0
STARTUP,Brickanta,,40.0
STARTUP,AirCaps,,37.5
STARTUP,Uplane,,45.0
STARTUP,Structured AI,,49.090909090909086
STARTUP,Parse,,36.36363636363637
STARTUP,Brickwise,,33.333333333333336
STARTUP,Parrot,,45.0
STARTUP,MOVEdot,,30.76923076923077
STARTUP,Zavo,,36.0
STARTUP,Sylvian,,26.66666666666667
STARTUP,Nexus,,25.71428571428571
STARTUP,Bolna AI,,57.14285714285714
STARTUP,Hyperspell,,36.0
STARTUP,Scoop,,40.0
STARTUP,Aspect,,40.0
STARTUP,Deeptrace,,47.05882352941176
STARTUP,Locus,,40.0
STARTUP,Alt-X,,45.0
STARTUP,Caddy,,30.76923076923077
STARTUP,Sorce,,40.0
STARTUP,The Context Company,,46.63636363636363
STARTUP,dari.dev,,37.5
STARTUP,Lunavo,,33.333333333333336
STARTUP,Soren,,54.54545454545454
STARTUP,Norra,,36.36363636363637
STARTUP,Kaigo Health,,45.0
STARTUP,Koyal,,36.36363636363637
STARTUP,Bron,,45.0
STARTUP,Tell if AI,,45.0
STARTUP,Minro,,60.00000000000001
STARTUP,Veria Labs,,36.0
STARTUP,Velum Labs,,25.0
STARTUP,Trelium,,37.5
STARTUP,Cranston AI,,65.45454545454547
STARTUP,Hypercubic,,42.10526315789473
STARTUP,Nessie,,33.333333333333336
STARTUP,Wardstone,,40.0
STARTUP,AtlasGrid,,44.44444444444444
STARTUP,hillclimb,,33.333333333333336
STARTUP,Flick,,51.42857142857142
STARTUP,Semble,,28.57142857142857
STARTUP,Clerked,,40.0
STARTUP,SellRaze,,28.57142857142857
STARTUP,Lakonia,,46.15384615384615
STARTUP,Terrain,,46.15384615384615
STARTUP,AnswerThis,,52.63157894736843
STARTUP,SF Tensor,,32.727272727272734
STARTUP,Unsiloed AI,,60.00000000000001
STARTUP,Allus AI,,28.57142857142857
STARTUP,Multifactor,,30.000000000000004
STARTUP,Sciloop,,30.76923076923077
STARTUP,LogosGuard,,30.000000000000004
STARTUP,Kestrel AI,,49.090909090909086
STARTUP,Tensr,,36.36363636363637
STARTUP,Travo,,54.0
STARTUP,Agentic Fabriq,,56.25
STARTUP,Logical,,37.5
STARTUP,Aleph Lab,,30.000000000000004
STARTUP,Helonic,,50.0
STARTUP,Redapto,,37.5
STARTUP,Captain,,46.15384615384615
STARTUP,Sunflower,,36.0
STARTUP,FinalDose,,40.0
STARTUP,Rovr,,45.0
STARTUP,Bravi,,36.36363636363637
STARTUP,ComplyDo,,28.57142857142857
STARTUP,Codyco,,36.0
STARTUP,Lexi,,45.0
STARTUP,Compyle,,46.15384615384615
STARTUP,Selfin,,42.85714285714286
STARTUP,Frontier Computing,,45.0
STARTUP,Casey,,30.000000000000004
STARTUP,Play Health,,40.0
STARTUP,Oxus,,36.0
STARTUP,Thesis,,45.0
STARTUP,Radius,,33.333333333333336
STARTUP,Cortex AI,,53.333333333333336
STARTUP,Pixley AI,,53.333333333333336
STARTUP,Leadbay,,30.76923076923077
STARTUP,Nucleo,,30.000000000000004
STARTUP,Tornyol,,37.5
STARTUP,s2.dev,,28.57142857142857
STARTUP,Patent Watch,,49.090909090909086
STARTUP,Anto Biosciences,,56.25
STARTUP,Imagine AI,,54.0
STARTUP,Expected Parrot,,38.57142857142858
STARTUP,Everest,,26.66666666666667
STARTUP,Scott AI,,42.85714285714286
STARTUP,Aside,,51.42857142857142
STARTUP,Prism,,45.0
STARTUP,Zalos,,30.000000000000004
STARTUP,Sourcebot,,30.000000000000004
STARTUP,Philon,,42.85714285714286
STARTUP,Lua Global Inc,,36.0
STARTUP,Crunched,,25.0
STARTUP,Narrative,,45.0
STARTUP,Relaw,,36.36363636363637
STARTUP,Specific,,42.85714285714286
STARTUP,Automax.ai,,45.0
STARTUP,Clad Labs,,20.0
STARTUP,Absurd,,32.727272727272734
STARTUP,Kalpa Labs,,32.727272727272734
STARTUP,Metorial,,35.29411764705882
STARTUP,Denki,,54.54545454545454
STARTUP,TakeCareOS,,31.57894736842105
STARTUP,Sava,,36.0
STARTUP,Icarus,,45.0
STARTUP,Karumi,,40.0
STARTUP,Perseus,,30.76923076923077
STARTUP,Lemma,,36.36363636363637
STARTUP,Exonic,,54.0
STARTUP,Jarmin,,45.0
STARTUP,General Astronautics,,60.00000000000001
STARTUP,MadeThis,,47.05882352941176
STARTUP,Rovi Health,,57.0
STARTUP,Miniswap,,37.5
STARTUP,Freeport Markets,,45.0
STARTUP,Boom AI,,46.15384615384615
STARTUP,Layers,,32.727272727272734
STARTUP,The Hog,,37.5
STARTUP,Lightberry,,22.5
STARTUP,Bluma,,30.000000000000004
STARTUP,Forge Robotics,,42.35294117647059
STARTUP,Amera,,36.36363636363637
STARTUP,DiligenceSquared,,36.0
STARTUP,Velvet,,28.57142857142857
STARTUP,Axial,,36.36363636363637
STARTUP,LunaBill,,42.85714285714286
STARTUP,Antigen,,50.0
STARTUP,Vector Legal,,36.0
STARTUP,Fastshot,,47.05882352941176
STARTUP,Clicks Health,,32.727272727272734
STARTUP,Voltair,,46.15384615384615
STARTUP,Dome,,60.00000000000001
STARTUP,MarkIt,,40.0
STARTUP,Zarna,,51.42857142857142
STARTUP,Moss,,36.0
STARTUP,Specific Labs,,49.090909090909086
STARTUP,Amika,,40.0
STARTUP,Openroll,,57.14285714285714
STARTUP,Rivet,,36.0
STARTUP,Crosslayer Labs,,30.000000000000004
STARTUP,item,,45.0
STARTUP,Ndea,,60.00000000000001
STARTUP,Mayflower,,36.0
STARTUP,Zephyr Fusion,,45.0
STARTUP,Coasts,,40.0
STARTUP,Inviscid AI,,45.0
STARTUP,ClaimGlide,,36.0
STARTUP,Haladir,,30.76923076923077
STARTUP,Mantis,,60.00000000000001
STARTUP,CatchBack Cards,,42.35294117647059
STARTUP,Ploy,,36.0
STARTUP,Advanced Metal Research,,41.53846153846154
STARTUP,Linzumi,,30.76923076923077
STARTUP,Waddle Labs,,30.000000000000004
STARTUP,FullSeam,,28.57142857142857
STARTUP,Corvera,,46.15384615384615
STARTUP,ARC Prize Foundation,,47.5
STARTUP,Valgo,,30.000000000000004
STARTUP,Eos AI,,50.0
STARTUP,Hlabs,,30.000000000000004
STARTUP,Clara,,36.0
STARTUP,Origin,,36.0
STARTUP,Payna,,54.54545454545454
STARTUP,OneTriangle,,45.0
STARTUP,Imperfect,,36.0
STARTUP,Panta,,67.5
STARTUP,Didit,,46.15384615384615
STARTUP,One Robot,,45.0
STARTUP,Quotient Labs,,45.0
STARTUP,Kita,,36.0
STARTUP,Klaus AI,,28.57142857142857
STARTUP,Ruma Care,,28.5
STARTUP,"Prescience, Inc.",,45.0
STARTUP,Lucent,,40.0
STARTUP,RunAnywhere,,40.0
STARTUP,Lance,,51.42857142857142
STARTUP,Docura Health,,32.727272727272734
STARTUP,Mirabelle,,25.71428571428571
STARTUP,Axis,,60.00000000000001
STARTUP,Lexius,,33.333333333333336
STARTUP,Asimov,,33.333333333333336
STARTUP,shortkit,,35.29411764705882
STARTUP,REV1,,30.000000000000004
STARTUP,10x Science,,36.0
STARTUP,Sentrial,,47.05882352941176
STARTUP,LegalOS,,30.76923076923077
STARTUP,Fuchsia,,25.0
STARTUP,Cofia,,40.0
STARTUP,Protent,,46.15384615384615
STARTUP,BaseFrame,,30.000000000000004
STARTUP,Strand AI,,49.090909090909086
STARTUP,Beacon Health,,45.0
STARTUP,Cascade,,26.66666666666667
STARTUP,Envariant,,60.00000000000001
STARTUP,Burt,,25.71428571428571
STARTUP,CellType,,28.57142857142857
STARTUP,Piris Labs,,45.0
STARTUP,OpenSpec,,57.14285714285714
STARTUP,Cignara,,30.76923076923077
STARTUP,/dev/fast,,28.57142857142857
STARTUP,ZeroSettle,,30.000000000000004
STARTUP,Kyten Technologies,,40.0
STARTUP,Avoice,,54.0
STARTUP,21st,,25.71428571428571
STARTUP,Palus Finance,,45.0
STARTUP,Tepali,,50.0
STARTUP,Cumulus Labs,,20.0
STARTUP,Verdex,,28.57142857142857
STARTUP,AutoSitu,,47.05882352941176
STARTUP,Zatanna,,30.76923076923077
STARTUP,MouseCat,,42.85714285714286
STARTUP,Skillsync,,23.529411764705888
STARTUP,RoboDock,,35.29411764705882
STARTUP,Scheduling Wizard,,33.75
STARTUP,Luel,,30.000000000000004
STARTUP,Aemon,,54.0
STARTUP,Ashr,,46.15384615384615
STARTUP,CodeWisp,,42.85714285714286
STARTUP,OctaPulse,,40.0
STARTUP,Beyond Reach Labs,,42.75
STARTUP,Milliray,,25.0
STARTUP,RamAIn,,45.0
STARTUP,Moritz,,36.0
STARTUP,Salus,,30.000000000000004
STARTUP,EigenPal,,42.85714285714286
STARTUP,Sparkles,,28.57142857142857
STARTUP,Fern,,45.0
STARTUP,Perfectly,,45.0
STARTUP,Orthogonal,,54.0
STARTUP,Q2Q,,0.0
STARTUP,Ventura,,46.15384615384615
STARTUP,Drafted,,40.0
STARTUP,Terranox AI,,49.090909090909086
STARTUP,Sponge,,33.333333333333336
STARTUP,Mango Medical,,45.45454545454546
STARTUP,Rapidfolio,,36.0
STARTUP,Confluence Labs,,40.0
STARTUP,Opalite Health,,65.45454545454547
STARTUP,Compresr,,42.85714285714286
STARTUP,IncidentFox,,36.0
STARTUP,Unisson,,30.76923076923077
STARTUP,Stilta,,30.000000000000004
STARTUP,Instinct,,47.05882352941176
STARTUP,Proximitty,,33.333333333333336
STARTUP,Cajal,,30.000000000000004
STARTUP,Overshoot,,40.0
STARTUP,Terminal Use,,51.42857142857142
STARTUP,Laurence,,35.29411764705882
STARTUP,Parameter,,45.0
STARTUP,Pax Historia,,45.0
STARTUP,Rhizome AI,,60.00000000000001
STARTUP,Prana,,54.54545454545454
STARTUP,Cardboard,,36.0
STARTUP,Jinba,,45.0
STARTUP,Seeing Systems,,55.38461538461539
STARTUP,Synthetic Sciences,,53.4375
STARTUP,Visibl Semiconductors,,56.25
STARTUP,Patientdesk.ai,,54.0
STARTUP,Assemble,,25.0
STARTUP,Chamber,,25.0
STARTUP,End Close,,45.0
STARTUP,Fenrock AI,,50.00000000000001
STARTUP,Maywood,,26.66666666666667
STARTUP,Revion,,42.85714285714286
STARTUP,Traverse,,25.0
STARTUP,Approxima,,44.44444444444444
STARTUP,9 Mothers,,33.333333333333336
STARTUP,Valence,,37.5
STARTUP,Reframe,,30.76923076923077
STARTUP,Congruent,,40.0
STARTUP,InventoryQuant,,45.0
STARTUP,Emdash,,42.85714285714286
STARTUP,Ressl AI,,42.85714285714286
STARTUP,Robby,,36.0
STARTUP,Sitefire,,28.57142857142857
STARTUP,Forum,,20.0
STARTUP,Human Archive,,36.36363636363637
STARTUP,Samora AI,,45.0
STARTUP,Caretta,,30.76923076923077
STARTUP,Oximy,,40.0
STARTUP,AxionOrbital Space,,45.0
STARTUP,Mendral,,46.15384615384615
STARTUP,Sazabi,,33.333333333333336
STARTUP,Constellation Space,,45.0
STARTUP,Byteport,,25.0
STARTUP,Pocket,,40.0
STARTUP,Bubble Lab,,32.727272727272734
STARTUP,Archal,,40.0
STARTUP,Polymath,,35.29411764705882
STARTUP,Voxel Energy,,42.75
STARTUP,Netter,,49.090909090909086
STARTUP,Superset,,28.57142857142857
STARTUP,Datoric,,62.5
STARTUP,Servo7,,32.727272727272734
STARTUP,Ditto Biosciences,,45.0
STARTUP,Libra Robotics,,50.0
STARTUP,Sequence Markets,,38.57142857142858
STARTUP,Doomersion,,45.0
STARTUP,o11,,45.0
STARTUP,Anchorhead,,45.0
STARTUP,Remy AI,,46.15384615384615
STARTUP,Chasi,,36.36363636363637
STARTUP,Ekpa,,45.0
STARTUP,Balance,,37.5
STARTUP,Fort,,36.0
STARTUP,General Legal,,45.0
STARTUP,Corelayer,,45.0
STARTUP,Booko,,20.0
STARTUP,Foreman,,46.15384615384615
STARTUP,Turnstone,,40.0
STARTUP,Squid,,45.0
STARTUP,Inth,,67.5
STARTUP,Fed10,,30.76923076923077
STARTUP,BeeSafe AI,,54.0
STARTUP,Meteoric,,47.05882352941176
STARTUP,The Token Company,,51.300000000000004
STARTUP,Moda,,45.0
STARTUP,Maven,,51.42857142857142
STARTUP,Sila,,36.0
STARTUP,Grade,,51.42857142857142
STARTUP,Canary,,49.090909090909086
STARTUP,Atlia,,45.0
STARTUP,Dream,,54.0
STARTUP,Tsenta,,50.0
STARTUP,Copperlane,,50.0
STARTUP,Control Seat,,45.0
STARTUP,Talking Computers,,45.0
STARTUP,Veriad,,42.85714285714286
STARTUP,Vela,,45.0
STARTUP,Cova,,40.0
STARTUP,MochaCare,,32.727272727272734
STARTUP,VOYGR,,20.0
STARTUP,Poth Labs,,31.666666666666668
STARTUP,SpotPay,,46.15384615384615
STARTUP,Khotan (formerly Pollinate),,45.0
STARTUP,Polymorph,,36.0
STARTUP,Ritivel,,25.0
STARTUP,Dipole Labs,,45.0
STARTUP,Zymbly,,14.28571428571429
STARTUP,Regbase,,30.76923076923077
STARTUP,Rubric AI,,45.0
STARTUP,Ossus,,20.0
STARTUP,Origami Robotics,,42.35294117647059
STARTUP,Brumby (Formerly GrazeMate),,32.727272727272734
STARTUP,DAIVIN!,,45.0
STARTUP,Fixture,,25.0
STARTUP,Aurorin CAD,,50.0
STARTUP,Bloom,,20.0
STARTUP,Dispatch,,35.29411764705882
STARTUP,Carrot Labs,,30.000000000000004
STARTUP,Unifold,,30.76923076923077
STARTUP,"Applied Electrodynamics, Inc.",,45.0
STARTUP,Wayco,,30.000000000000004
STARTUP,Shofo,,36.0
STARTUP,OpenVector,,72.0
STARTUP,Remix,,54.0
STARTUP,Condor Energy,,45.0
STARTUP,Litmus,,22.5
STARTUP,Martini,,40.0
STARTUP,Wideframe,,35.29411764705882
STARTUP,Cardinal,,37.5
STARTUP,Hedge,,51.42857142857142
STARTUP,Surtr Defense Systems,,52.61538461538461
STARTUP,Klarify,,37.5
STARTUP,Korso,,36.0
STARTUP,primitive,,40.0
STARTUP,Standard Signal,,40.0
STARTUP,Stage,,30.000000000000004
STARTUP,"PerfectBit, Inc.",,45.0
STARTUP,Memoir,,42.85714285714286
STARTUP,Illume Labs,,30.000000000000004
STARTUP,Most Robotic,,47.61904761904761
STARTUP,Osmaura,,30.76923076923077
STARTUP,Multiplier,,32.727272727272734
STARTUP,Totalis,,46.15384615384615
STARTUP,Replicas,,47.05882352941176
STARTUP,Rudus,,30.000000000000004
STARTUP,Palette,,30.76923076923077
STARTUP,Hexa,,45.0
STARTUP,Scope,,54.54545454545454
STARTUP,Marker,,32.727272727272734
STARTUP,Twolabs,,30.76923076923077
STARTUP,LightSprint,,32.727272727272734
STARTUP,Discovered Materials,,42.35294117647059
STARTUP,Saffron,,37.5
STARTUP,Chert,,36.0
STARTUP,Nine Fives,,45.0
STARTUP,Andustry,,47.05882352941176
STARTUP,Zenbu,,36.36363636363637
STARTUP,InLoop Robotics,,42.35294117647059
STARTUP,Dayjob,,30.000000000000004
STARTUP,The Company Company,,46.63636363636363
STARTUP,Trellis,,37.5
STARTUP,Atrisa,,53.333333333333336
STARTUP,Tenet Industries,,56.25
STARTUP,Hub,,30.000000000000004
STARTUP,Light Anchor,,45.23809523809524
STARTUP,Limrun,,28.57142857142857
STARTUP,GodHands,,37.5
STARTUP,Superlog,,28.57142857142857
STARTUP,GovGuard,,28.57142857142857
STARTUP,Kinro,,54.0
STARTUP,Juno,,36.0
STARTUP,Zolvo,,20.0
STARTUP,Interfaze,,33.333333333333336
STARTUP,Elyra,,36.36363636363637
STARTUP,Wealor,,33.333333333333336
STARTUP,"HEVN, inc",,45.0
STARTUP,KelAI,,54.54545454545454
STARTUP,Deep Interactions,,72.0
STARTUP,qomplement,,50.0
STARTUP,Pavoot,,40.0
STARTUP,Madrone,,37.5
STARTUP,shotwell.ai,,47.05882352941176
STARTUP,Standout,,35.29411764705882
STARTUP,transload,,40.0
STARTUP,Userlens,,37.5
STARTUP,Sherpa,,45.0
STARTUP,Salesgraph,,31.57894736842105
STARTUP,InstaAgent,,40.0
STARTUP,RentAHuman,,49.090909090909086
STARTUP,Andco,,51.42857142857142
STARTUP,Arga Labs,,25.71428571428571
STARTUP,Dreach,,36.0
STARTUP,Synphony,,35.29411764705882
STARTUP,Callab AI,,45.0
STARTUP,Pairio,,50.0
STARTUP,Taiga,,36.36363636363637
STARTUP,StableBrowse,,36.0
STARTUP,Kimpton,,30.76923076923077
STARTUP,Lamina Labs,,42.75
STARTUP,BentoLabs AI,,45.0
STARTUP,Lab0,,36.0
STARTUP,WonderTx,,28.57142857142857
STARTUP,Gojiberry AI,,45.0
STARTUP,Napkin Math,,49.090909090909086
STARTUP,Ontora,,50.0
STARTUP,Oddpool,,30.76923076923077
STARTUP,Voquill,,30.76923076923077
STARTUP,Keyframe Labs,,30.000000000000004
STARTUP,Savant,,60.00000000000001
STARTUP,Adialante,,40.0
STARTUP,Lumius,,28.57142857142857
STARTUP,Prototyping.io,,45.0
STARTUP,Sidekick,,37.5
STARTUP,Result,,20.0
STARTUP,Parrot,,45.0
STARTUP,Mount,,45.0
STARTUP,Infera,,33.333333333333336
STARTUP,AICE,,60.00000000000001
STARTUP,Complir,,46.15384615384615
STARTUP,Alchemize,,35.29411764705882
STARTUP,Harbor,,45.0
STARTUP,Allowance,,33.333333333333336
STARTUP,smol machines,,36.642857142857146
STARTUP,River Markets,,34.54545454545455
STARTUP,Archer,,49.090909090909086
STARTUP,Degla Inc,,51.42857142857142
STARTUP,Minicor,,40.0
STARTUP,ED1TH,,40.0
STARTUP,tday.com,,27.14285714285714
STARTUP,General Instinct,,45.0
STARTUP,ValCtrl,,37.5
STARTUP,Ara,,45.0
STARTUP,Zibra Labs,,28.5
STARTUP,PLAN0 AI,,57.14285714285714
STARTUP,Collar,,33.333333333333336
STARTUP,Armature,,35.29411764705882
STARTUP,Soria,,40.0
STARTUP,Aseon Labs,,45.0
STARTUP,Walter,,49.090909090909086
STARTUP,Chronicle Labs,,56.25
STARTUP,Tasklet,,25.0
STARTUP,Wato,,51.42857142857142
STARTUP,Kuli,,36.0
STARTUP,Ardent,,60.00000000000001
STARTUP,BioStack Platforms,,33.75
STARTUP,Silmaril,,35.29411764705882
STARTUP,Pops,,60.00000000000001
STARTUP,Saudara AI,,45.0
STARTUP,Memory Store,,40.0
STARTUP,AbInitio Bio,,47.61904761904761
STARTUP,ANORIA,,53.333333333333336
STARTUP,Ornadyne,,42.85714285714286
STARTUP,AquaShield,,31.57894736842105
STARTUP,Foaster,,37.5
STARTUP,Eden Robotics,,45.45454545454546
STARTUP,TesterArmy,,33.333333333333336
STARTUP,Plena Health,,65.45454545454547
STARTUP,RASPIRE,,37.5
STARTUP,Mentlio,,46.15384615384615
STARTUP,Hessian,,40.0
STARTUP,Amboras,,30.76923076923077
STARTUP,Aster,,54.0
STARTUP,OpenProse,,72.0
STARTUP,General Aviation,,45.0
STARTUP,"Apollo Atomics, Inc.",,56.25
STARTUP,OpenWork,,57.14285714285714
STARTUP,Tolmo,,36.0
STARTUP,ProjectX,,35.29411764705882
STARTUP,Auxos,,30.000000000000004
STARTUP,Arzana,,45.0
STARTUP,Pentagon,,57.14285714285714
STARTUP,CharacterQuilt,,40.0
STARTUP,Expanse,,40.0
STARTUP,YouArt,,40.0
STARTUP,Runtime,,37.5
STARTUP,Kinect,,45.0
STARTUP,Gravy,,30.000000000000004
STARTUP,AgentPhone,,52.63157894736843
STARTUP,Arden,,51.42857142857142
STARTUP,Uno Wallet,,30.000000000000004
STARTUP,Revnu,,36.36363636363637
STARTUP,Asendia AI,,50.0
STARTUP,Mochatrade,,32.727272727272734
STARTUP,Avea Robotics,,45.45454545454546
STARTUP,Manicule,,47.05882352941176
STARTUP,Atlas Discovery,,33.333333333333336
STARTUP,Lattice Health,,48.0
STARTUP,Astraea,,37.5
STARTUP,Arlo Industries,,48.0
STARTUP,Gigacatalyst,,22.5
STARTUP,Trident,,40.0
STARTUP,flowscope,,60.00000000000001
STARTUP,Klaimee,,30.76923076923077
STARTUP,KugelAudio,,45.0
STARTUP,CentralComs,,45.0
STARTUP,Panacea,,46.15384615384615
STARTUP,Modern,,50.0
STARTUP,ReasonBlocks,,40.0
STARTUP,InsForge,,28.57142857142857
STARTUP,Hyper,,36.36363636363637
STARTUP,Enjamb Labs,,54.0
STARTUP,Playabl.ai,,45.0
STARTUP,Arctic Health,,36.36363636363637
STARTUP,Framewise Health,,41.53846153846154
STARTUP,Clawvisor,,30.000000000000004
STARTUP,rekursiv.ai,,45.0
STARTUP,Amorphic Labs,,45.45454545454546
STARTUP,Intelligence Factory,,38.0
STARTUP,Maquoketa Research,,45.0
STARTUP,Cohesion,,42.85714285714286
STARTUP,Thomas,,45.0
STARTUP,Huscarl,,25.0
STARTUP,Proprio Robotics,,48.0
STARTUP,Rindler,,40.0
STARTUP,HeyClicky,,33.333333333333336
STARTUP,Akkari,,40.0
STARTUP,Edgerun,,40.0
STARTUP,RightNow,,25.0
STARTUP,GitCafe,,25.0
STARTUP,Kebra,,36.36363636363637
STARTUP,Torus,,36.0
STARTUP,tash,,45.0
STARTUP,Pango,,51.42857142857142
STARTUP,Hoplite,,50.0
STARTUP,OpenTrade,,72.0
STARTUP,Donkey,,33.333333333333336
STARTUP,HERA,,45.0
STARTUP,Erinys,,42.85714285714286
STARTUP,Perceptron ML,,45.0
STARTUP,Mass Magnetics,,52.94117647058824
STARTUP,Egoist Machines,,36.0
STARTUP,Olam Labs,,40.0
STARTUP,Shielded,,37.5
STARTUP,Belvedir,,37.5
STARTUP,Parasma,,30.76923076923077
STARTUP,Trope,,72.0
STARTUP,Palisade,,42.85714285714286
STARTUP,Kara,,36.0
STARTUP,Nebula Security,,30.000000000000004
STARTUP,Zomma,,36.36363636363637
STARTUP,Rex,,36.0
STARTUP,Enact,,54.54545454545454
STARTUP,Maingen,,40.0
STARTUP,Bernard,,46.15384615384615
STARTUP,Studio,,30.000000000000004
STARTUP,Prized,,42.85714285714286
STARTUP,Rote,,51.42857142857142
STARTUP,Understudy Labs,,33.75
STARTUP,Synapse Semiconductor,,56.25
STARTUP,Speko,,36.36363636363637
STARTUP,Gutgutgoose,,40.0
STARTUP,LemonLime,,45.0
STARTUP,Jcode,,51.42857142857142
STARTUP,Insurf,,32.727272727272734
STARTUP,IMPACT Drones,,42.75
STARTUP,Verdant,,37.5
STARTUP,Instaplay,,36.0
STARTUP,Lyon,,45.0
STARTUP,Rise Reforming,,45.45454545454546
STARTUP,Floracene,,45.0
STARTUP,GUILD,,45.0
STARTUP,RealPact,,35.29411764705882
STARTUP,Buildbox,,25.0
STARTUP,Riften,,33.333333333333336
STARTUP,Bizmark,,25.0
STARTUP,Mosaic,,54.0
STARTUP,Dialogus,,25.0
STARTUP,Alloovium,,33.333333333333336
STARTUP,MOCHI.TV,,28.57142857142857
STARTUP,DeepReach Inc.,,47.05882352941176
STARTUP,COACH,,40.0
STARTUP,Grocalo,,37.5
STARTUP,Audun,,51.42857142857142
STARTUP,Marble,,32.727272727272734
STARTUP,Stoa,,45.0
STARTUP,Glen,,45.0
STARTUP,Context.dev,,40.0
STARTUP,Codag,,36.36363636363637
STARTUP,Exosat,,40.0
STARTUP,Touchmark,,33.333333333333336
STARTUP,Prodigy Research,,41.53846153846154
STARTUP,Zaplar,,33.333333333333336
STARTUP,Spectre Intelligence,,45.0
STARTUP,screenpipe,,45.0
STARTUP,Manifold,,37.5
STARTUP,Rasyn,,51.42857142857142
STARTUP,Alkera AI,,45.0
STARTUP,Definite,,50.0
STARTUP,Callbook AI,,49.090909090909086
STARTUP,Tarifflo Inc.,,35.29411764705882
STARTUP,Veltha,,36.0
STARTUP,Traceforce,,42.10526315789473
STARTUP,EdotEnv,,46.15384615384615
STARTUP,Standard Machines,,45.0
STARTUP,Agency Tool Company,,45.0
STARTUP,Cerenovus,,35.29411764705882
STARTUP,Molagri,,46.15384615384615
STARTUP,Peer,,51.42857142857142
STARTUP,Stratum Industries,,46.63636363636363
STARTUP,FlowManual,,37.5
STARTUP,Pluto,,36.0
STARTUP,machine0,,37.5
STARTUP,Bloomy,,17.999999999999996
STARTUP,6thSense,,28.57142857142857
STARTUP,Nori,,51.42857142857142
STARTUP,Ooak Data,,40.0
STARTUP,Graphify Labs,,30.000000000000004
STARTUP,Aerogen Systems,,45.0
STARTUP,Hilstart,,23.529411764705888
STARTUP,Greypoint Industries,,45.0
STARTUP,TareBio,,37.5
STARTUP,Almanac,,37.5
STARTUP,Whitespace,,36.0
STARTUP,Click,,51.42857142857142
STARTUP,Akon Labs,,45.0
STARTUP,Vendo,,51.42857142857142
STARTUP,Aktoria Robotics,,50.0
STARTUP,Rational,,42.85714285714286
STARTUP,Omanta,,60.00000000000001
STARTUP,Fabraix,,37.5
STARTUP,Qlo,,45.0
STARTUP,Tenor,,36.36363636363637
STARTUP,Daqstra,,37.5
STARTUP,Risklytics,,31.57894736842105
STARTUP,LATO,,51.42857142857142
STARTUP,Neuromorphic,,57.14285714285714
STARTUP,Neuron Industries,,46.63636363636363
STARTUP,PokerClubHub,,36.0
STARTUP,Arbital,,37.5
STARTUP,Ultrasonium,,49.090909090909086
STARTUP,Vestris,,37.5
STARTUP,Moving Atoms,,41.53846153846154
STARTUP,Ekho Labs,,30.000000000000004
STARTUP,Isengard Industries Inc,,46.63636363636363
STARTUP,Denta,,54.54545454545454
STARTUP,Computable,,45.0
STARTUP,TryNearby,,32.727272727272734
STARTUP,Financial Datasets,,45.0
STARTUP,Luca IQ,,30.76923076923077
STARTUP,Pacific,,46.15384615384615
STARTUP,Last Accounting Company,,45.0
STARTUP,Executor,,25.0
STARTUP,Waybill,,30.76923076923077
STARTUP,RonanRx Inc.,,46.15384615384615
STARTUP,Marengo,,37.5
STARTUP,Lumeria,,30.76923076923077
STARTUP,Familiar,,28.57142857142857
STARTUP,Markov,,45.0
STARTUP,Cosmic Robotics,,42.35294117647059
STARTUP,Inkbox,,30.000000000000004
STARTUP,Gamgee,,28.57142857142857
STARTUP,ProvenMetal,,47.05882352941176
STARTUP,Agentcard,,45.0
STARTUP,Agnost AI,,45.0
STARTUP,Radley,,28.57142857142857
STARTUP,Care GP,,37.5
STARTUP,Praxis Robotics,,49.090909090909086
STARTUP,Levocred AI,,49.090909090909086
STARTUP,Axelrod,,37.5
STARTUP,CarSignal,,40.0
STARTUP,Decawork,,28.57142857142857
STARTUP,Pennant,,61.53846153846154
STARTUP,Derya,,51.42857142857142
STARTUP,Touchy,,40.0
STARTUP,Mireye,,28.57142857142857
STARTUP,Shiraz AI,,45.0
STARTUP,Lamb Labs,,22.5
STARTUP,Chromie,,50.0
STARTUP,83 Sciences,,32.727272727272734
STARTUP,Palisade,,42.85714285714286
STARTUP,Hubble,,17.999999999999996
STARTUP,Skymerse,,25.0
STARTUP,Grip,,45.0
STARTUP,HyperProbe,,40.0
STARTUP,TovenAI,,76.92307692307692
STARTUP,Verdict Machine,,38.0
STARTUP,Dock,,45.0
STARTUP,OpenRelay,,72.0
STARTUP,Agent FM,,35.29411764705882
STARTUP,Hop Aero,,44.70588235294118
STARTUP,PRINCEPS,,37.5
STARTUP,Hebbian Robotics,,50.0
STARTUP,Earendil Robotics,,51.42857142857142
STARTUP,Florin,,36.0
STARTUP,Locke,,40.0
STARTUP,Petrarch,,42.85714285714286
STARTUP,"SpaceFlow Technologies, Inc.",,40.0
STARTUP,Ethos Space Resources,,50.0
STARTUP,SubVysion,,45.0
STARTUP,Avoca Systems,,32.727272727272734
STARTUP,Tracer,,40.0
STARTUP,Wondering,,47.05882352941176
STARTUP,"Vernius Systems, Inc.",,49.090909090909086
STARTUP,OneCLI,,50.0
STARTUP,Nex,,36.0
STARTUP,Dawn Industries,,45.0
STARTUP,CueBench,,37.5
STARTUP,hiloop,,45.0
STARTUP,Robocurve,,33.333333333333336
STARTUP,Salem Robotics Inc,,43.47826086956522
STARTUP,Allia Health,,36.0
STARTUP,Osseus,,33.333333333333336
STARTUP,hardware intelligence,,45.0
STARTUP,Billow AI Labs,,45.0
STARTUP,Atomarine,,45.0
STARTUP,Magma,,30.000000000000004
STARTUP,Caution,,37.5
STARTUP,CoArena,,61.53846153846154
STARTUP,Lightfield,,22.5
STARTUP,Edviro,,33.333333333333336
STARTUP,Experiential Labs,,45.0
STARTUP,Simantic,,58.82352941176471
STARTUP,Conifer,,46.15384615384615
STARTUP,OpenTag,,76.92307692307692
STARTUP,Lambda Robotics,,50.0
STARTUP,herdr,,36.0
STARTUP,Sentient OS,,49.090909090909086
STARTUP,Simulithic,,42.10526315789473
STARTUP,Veeza AI,,42.85714285714286
STARTUP,Qokedas,,46.15384615384615
STARTUP,Ascii,,36.36363636363637
STARTUP,Capveon,,46.15384615384615
STARTUP,Forward,,30.76923076923077
STARTUP,Talos,,36.0
STARTUP,Lantern AI,,60.00000000000001
STARTUP,Nodus Compute,,45.0
STARTUP,Asakana,,30.76923076923077
STARTUP,Antropi Robotics,,78.75
STARTUP,Workers IO,,37.5
STARTUP,Hemlock,,37.5
STARTUP,Orca Aerospace,,50.294117647058826
STARTUP,Vorelios,,42.85714285714286
STARTUP,Covera,,50.0
STARTUP,antimattr,,44.44444444444444
STARTUP,Quippy,,22.5
STARTUP,The Subvocal Company,,46.63636363636363
STARTUP,Redoubt Insurance,,41.53846153846154
STARTUP,Maritime,,35.29411764705882
PRODUCT,APIDot,,42.85714285714286
PRODUCT,TranslateImage AI,,54.0
PRODUCT,Owl Insight,,35.29411764705882
PRODUCT,SuperShrimp,,36.0
PRODUCT,Retro,,54.0
PRODUCT,AgentFlow,,44.44444444444444
PRODUCT,BaselineBody: daily movement,,45.0
PRODUCT,wheretosubmit,,38.095238095238095
PRODUCT,AI Anime Pro,,45.0
PRODUCT,Pixalyse,,28.57142857142857
PRODUCT,OnCallClerk,,54.0
PRODUCT,Dino Reads,,45.0
PRODUCT,Sylumk,,14.28571428571429
PRODUCT,Stackbroker,,36.0
PRODUCT,Vismuse,,15.384615384615385
PRODUCT,CookieGuard,,35.29411764705882
PRODUCT,AI Video Background Remover,,45.0
PRODUCT,Bet-Gate.gr,,30.000000000000004
PRODUCT,Roanja City,,47.05882352941176
PRODUCT,TradeMRR,,37.5
PRODUCT,Vectig,,33.333333333333336
PRODUCT,Encrypted Clipboard Manager,,45.0
PRODUCT,WebUtils,,28.57142857142857
PRODUCT,Needle,,42.85714285714286
PRODUCT,Startup Maya,,36.19047619047619
PRODUCT,FIDELIO,,40.0
PRODUCT,JobsLobster,,30.000000000000004
PRODUCT,Offer Bull,,36.0
PRODUCT,Navio: Travel Organizer,,54.0
PRODUCT,Build This Now,,40.23529411764706
PRODUCT,Edge Arena,,60.00000000000001
PRODUCT,UnCard,,33.333333333333336
PRODUCT,Droidal Insurance Verification AI Agent,,60.00000000000001
PRODUCT,Frontdesk AI,,45.0
PRODUCT,Engaged - Share Your Moment,,54.0
PRODUCT,Flows- Planner & Notes,,40.0
PRODUCT,XDB,,45.0
PRODUCT,Huebert,,26.66666666666667
PRODUCT,VetPrep.Help,,36.642857142857146
PRODUCT,iGrow,,36.0
PRODUCT,BandMate,,35.29411764705882
PRODUCT,Flight Agents,,36.0
PRODUCT,Goals,,36.36363636363637
PRODUCT,Google,,33.333333333333336
PRODUCT,Neuralingual,,45.0
PRODUCT,Exbabel,,30.76923076923077
PRODUCT,Cognlay,,46.15384615384615
PRODUCT,UpSEO,,36.36363636363637
PRODUCT,ReplyGen,,42.85714285714286
PRODUCT,VeltoAI,,46.15384615384615
PRODUCT,Premium AI-Native App Development,,60.00000000000001
PRODUCT,TyfuPulse,,32.727272727272734
PRODUCT,We-Pilot.AI,,49.090909090909086
PRODUCT,Aikin Intelligence Technologies LLC,,45.0
PRODUCT,IntentHunter,,38.095238095238095
PRODUCT,Veo 3.2,,15.384615384615385
PRODUCT,Fotocaja,,35.29411764705882
PRODUCT,UniSMS API,,45.0
PRODUCT,Higgsfield,,22.5
PRODUCT,HyperLake,,45.0
PRODUCT,Quash,,40.0
PRODUCT,use.fo - AI Voice Typing,,45.0
PRODUCT,Auribook,,35.29411764705882
PRODUCT,WonderWay,,40.0
PRODUCT,VideoAny,,37.5
PRODUCT,GitGrave,,23.529411764705888
PRODUCT,Brainator,,44.44444444444444
PRODUCT,CatMap AI,,54.0
PRODUCT,TempEmail.cc,,60.00000000000001
PRODUCT,Configseed,,49.090909090909086
PRODUCT,Venn.ai,,61.53846153846154
PRODUCT,BillBird,,25.0
PRODUCT,Logo Lattice,,38.095238095238095
PRODUCT,Collectors.place,,40.0
PRODUCT,EnsembleData,,45.0
PRODUCT,Technical Diagram,,45.0
PRODUCT,AEOBot,,40.0
PRODUCT,Fast Image AI Sticker Generator,,45.0
PRODUCT,Gymifi,,28.57142857142857
PRODUCT,Still: Pray More,,40.0
PRODUCT,Kodo,,36.0
PRODUCT,Wiz AI,,33.333333333333336
PRODUCT,Zignalify,,45.0
PRODUCT,Redsun Platform,,38.0
PRODUCT,FeedGuardians,,45.0
PRODUCT,Transcripta AI,,45.0
PRODUCT,Postcraft,,30.000000000000004
PRODUCT,Faster PR,,44.44444444444444
PRODUCT,Venet,,45.0
PRODUCT,Maker/OS,,35.29411764705882
PRODUCT,Toktrak,,30.76923076923077
PRODUCT,LaunchAssetKit,,38.57142857142858
PRODUCT,Lexfi,,36.36363636363637
PRODUCT,Color Tower 3D Logic Puzzle,,38.0
PRODUCT,Verdict,,37.5
PRODUCT,THRIVE,,60.00000000000001
PRODUCT,Onyx Tech Inc,,45.0
PRODUCT,AiGo,,60.00000000000001
PRODUCT,PinMe,,54.0
PRODUCT,UpworkScribe,,25.71428571428571
